mountain,zone,coords,directions,description,no,routeName,difficulty
심학산,R,"37.709302,126.695709",,,1,V5,6c+
심학산,R,"37.709302,126.695709",,,2,Project,?
심학산,C7M8,"37.709302,126.695709",,,1,?,6a
심학산,C7M8,"37.709302,126.695709",,,2,?,6a
심학산,C7M8,"37.709302,126.695709",,,3,V2,6a+
심학산,C7M8,"37.709302,126.695709",,,4,C7M8,7a+
심학산,100,"37.709302,126.695709",,,1,Handlift,5+
심학산,100,"37.709302,126.695709",,,2,V2,6a
심학산,100,"37.709302,126.695709",,,3,God Hang,6a+
심학산,100,"37.709302,126.695709",,,4,V4,6b
심학산,100,"37.709302,126.695709",,,5,백일잔치,7a
심학산,100,"37.709302,126.695709",,,6,Chicken soup in june(6월의 닭백숙),7a
심학산,100,"37.709302,126.695709",,,7,Bride(새색시),7a
심학산,100,"37.709302,126.695709",,,8,Swip up,7b
심학산,Dead end,"37.709302,126.695709",,,1,브이비다,3+
심학산,Dead end,"37.709302,126.695709",,,2,dead end,6c
심학산,Dead end,"37.709302,126.695709",,,3,big bird,6c
심학산,Dead end,"37.709302,126.695709",,,4,sutu,7a
심학산,Dead end,"37.709302,126.695709",,,5,dead end(sit),7a
문학산,unattached,"37.429039,126.687700",,,1,broken egg,6b
북한산,upper RBs,"37.654980,126.959587",,,1,splinter,7a
북한산,upper RBs,"37.654980,126.959587",,,2,gimli,7b
북한산,the service area,"37.654980,126.959587",,,1,DMZ,5
북한산,the service area,"37.654980,126.959587",,,2,not-scott,6a
북한산,the service area,"37.654980,126.959587",,,3,smooth move,6a+
북한산,the service area,"37.654980,126.959587",,,4,innovation strategy,6c+
북한산,the service area,"37.654980,126.959587",,,5,anti-scott,6c+
북한산,the service area,"37.654980,126.959587",,,6,it goes like this,7a+
북한산,the service area,"37.654980,126.959587",,,7,mountain talk,7b
북한산,the service area,"37.654980,126.959587",,,8,omit,7c
북한산,the service area,"37.654980,126.959587",,,9,lucky,8b
북한산,the service area,"37.654980,126.959587",,,10,bouldering in blasphemy,7b+
북한산,mad rock,"37.657756,126.991573",,,1,mad rock,8a
북한산,killing time,"37.657756,126.991573",,,1,killing time,6a
북한산,killing time,"37.657756,126.991573",,,2,killing time diect,6c+
북한산,taco ded party,"37.657756,126.991573",,,1,cat butt,7b+
북한산,the maginot line,"37.657756,126.991573",,,1,evenflow,7b
북한산,sudukam,"37.657756,126.991573",,,1,deadhang start,5+
북한산,sudukam,"37.657756,126.991573",,,2,slab,6a
북한산,sudukam,"37.657756,126.991573",,,3,jump,6a
북한산,sudukam,"37.657756,126.991573",,,4,open heel,6a
북한산,sudukam,"37.657756,126.991573",,,5,wing,7b+
북한산,sudukam,"37.657756,126.991573",,,6,madonna,7c
북한산,sudukam,"37.657756,126.991573",,,7,sangwon traverse,7c
북한산,sudukam,"37.657756,126.991573",,,8,sangwon traverse campus,7c+
북한산,tunnel block,"37.611433,126.979802",,,1,꼬두람이,6a
북한산,tunnel block,"37.611433,126.979802",,,2,나봄(봄에 태어나다),6A+
북한산,tunnel block,"37.611433,126.979802",,,3,새난(새로 난),6A+
북한산,tunnel block,"37.611433,126.979802",,,4,길섶(길의 가장자리),6B+
북한산,tunnel block,"37.611433,126.979802",,,5,ivalu,6c+
북한산,tunnel block,"37.611433,126.979802",,,6,ivalu assis,7a
북한산,tunnel block,"37.611433,126.979802",,,7,삼대,78b+
북한산,dulle-gil block,"37.611433,126.979802",,,1,dumbo,6a
북한산,dulle-gil block,"37.611433,126.979802",,,2,opa traverse,6a+
북한산,dulle-gil block,"37.611433,126.979802",,,3,늘솔길 (언제나 솔바람이 부는 길),6a+
북한산,dulle-gil block,"37.611433,126.979802",,,4,수피아,6a+
북한산,dulle-gil block,"37.611433,126.979802",,,5,토리,6b
북한산,dulle-gil block,"37.611433,126.979802",,,6,santa claus,6b+
북한산,dulle-gil block,"37.611433,126.979802",,,7,첫 눈,6c+
북한산,dulle-gil block,"37.611433,126.979802",,,8,고색창연,7a
북한산,dulle-gil block,"37.611433,126.979802",,,9,차오름,7a
북한산,dulle-gil block,"37.611433,126.979802",,,10,pig bar,7b
북한산,?,"37.611433,126.979802",,,1,simthtield muses,6c
불암산,river sector,"37.658615,127.098789",,,1,slab1,5
불암산,iceberg sector,"37.658615,127.098789",,,1,iceberg,6a
불암산,iceberg sector,"37.658615,127.098789",,,2,푸르는 날,6a
불암산,iceberg sector,"37.658615,127.098789",,,3,iceberg slab,6a+
불암산,iceberg sector,"37.658615,127.098789",,,4,mushroom flower,6a+
불암산,iceberg sector,"37.658615,127.098789",,,5,not over till over,6b
불암산,iceberg sector,"37.658615,127.098789",,,6,arete,6b+
불암산,iceberg sector,"37.658615,127.098789",,,7,pressure,"sit,right, 6b+"
불암산,iceberg sector,"37.658615,127.098789",,,8,pressure seat,6c
불암산,iceberg sector,"37.658615,127.098789",,,9,punching baby face,6c+
불암산,iceberg sector,"37.658615,127.098789",,,10,mushroom arete,7a
불암산,iceberg sector,"37.658615,127.098789",,,11,hangle day(한글날),7a
불암산,iceberg sector,"37.658615,127.098789",,,12,awesome track,7a+
불암산,iceberg sector,"37.658615,127.098789",,,13,triple x,7b
불암산,iceberg sector,"37.658615,127.098789",,,14,crimp face,7b+
불암산,iceberg sector,"37.658615,127.098789",,,15,triple x,"sit, 7c"
불암산,iceberg sector,"37.658615,127.098789",,,16,roadside,7c+
불암산,iceberg sector,"37.658615,127.098789",,,17,small giant,7c+
불암산,iceberg sector,"37.658615,127.098789",,,18,project2,?
불암산,iceberg sector,"37.658615,127.098789",,,19,project,?
불암산,iceberg sector,"37.658615,127.098789",,,20,giant arete,7a+
불암산,iceberg sector,"37.658615,127.098789",,,21,mental mantle,7c
불암산,snakehead block,"37.658615,127.098789",,,1,snakehead,6b
불암산,snakehead block,"37.658615,127.098789",,,2,cocaine under the nose,7c+
불암산,warmup block 2,"37.658615,127.098789",,,1,oh mantle,5
불암산,warmup block 2,"37.658615,127.098789",,,2,왕꿈틀이,6a
불암산,warmup block 2,"37.658615,127.098789",,,3,v3,6a+
불암산,warmup block 2,"37.658615,127.098789",,,4,?,6a+
불암산,warmup block 2,"37.658615,127.098789",,,5,?,6a+
불암산,warmup block 2,"37.658615,127.098789",,,6,v4,6b
불암산,warmup block 2,"37.658615,127.098789",,,7,v4,6b+
불암산,warmup block 2,"37.658615,127.098789",,,8,dh dyno,6c+
불암산,warmup block 2,"37.658615,127.098789",,,9,bulamcool,6c+
불암산,warmup block 2,"37.658615,127.098789",,,10,hankook tire,6c+
불암산,warmup block 2,"37.658615,127.098789",,,11,wrong warmup,7b+
불암산,warmup block 2,"37.658615,127.098789",,,12,madang traverse,7b+
불암산,warmup block 2,"37.658615,127.098789",,,13,oh mantle,5
불암산,warmup block 2,"37.658615,127.098789",,,14,왕꿈틀이,5
불암산,warmup block 2,"37.658615,127.098789",,,15,? 6a+,
불암산,비보이를 사랑한 발레리나,"37.658615,127.098789",,,1,발레리나 warm up,6a+
불암산,비보이를 사랑한 발레리나,"37.658615,127.098789",,,2,비보이를 사랑한 발레리나,6c+
불암산,the harp block,"37.658615,127.098789",,,1,the harp,7b+
불암산,total recall block,"37.658615,127.098789",,,1,total recall,8a+
불암산,total recall block,"37.658615,127.098789",,,2,rekall,7b+
불암산,바당바위 (madang),"37.658615,127.098789",,,1,뭔들,6a
불암산,바당바위 (madang),"37.658615,127.098789",,,2,zoodra,6a
불암산,바당바위 (madang),"37.658615,127.098789",,,3,마당2,6a+
불암산,바당바위 (madang),"37.658615,127.098789",,,4,마당3,6a+
불암산,바당바위 (madang),"37.658615,127.098789",,,5,주호의 꿈,6a+
불암산,바당바위 (madang),"37.658615,127.098789",,,6,마당1,6b+
불암산,바당바위 (madang),"37.658615,127.098789",,,7,beyond sunshine,6b+
불암산,바당바위 (madang),"37.658615,127.098789",,,8,who,6c+
불암산,바당바위 (madang),"37.658615,127.098789",,,9,gemine,6c+
불암산,바당바위 (madang),"37.658615,127.098789",,,10,pandemic,7a+
불암산,바당바위 (madang),"37.658615,127.098789",,,11,carrier,7b
불암산,바당바위 (madang),"37.658615,127.098789",,,12,sink hole,7b+
불암산,바당바위 (madang),"37.658615,127.098789",,,13,orion,7c
불암산,바당바위 (madang),"37.658615,127.098789",,,14,마당0,?
불암산,바당바위 (madang),"37.658615,127.098789",,,15,뭔들,"sit, ?"
불암산,pogostick block,"37.658615,127.098789",,,1,pogostick,7a
불암산,warmup block,"37.658615,127.098789",,,1,warmup 1,6b
불암산,warmup block,"37.658615,127.098789",,,2,warmup 2,6b+
불암산,the v8 block,"37.658615,127.098789",,,1,the v8,7b
불암산,the v8 block,"37.658615,127.098789",,,2,일곱난쟁이,7b+
불암산,the v8 block,"37.658615,127.098789",,,3,minsu su,6c
불암산,the v8 block,"37.658615,127.098789",,,4,백설공주,6c+
불암산,the v8 block,"37.658615,127.098789",,,5,독사과,7a+
불암산,monorail boulder 1,"37.658615,127.098789",,,1,?,6c+
불암산,monorail sector,"37.658615,127.098789",,,1,개구멍,5
불암산,monorail sector,"37.658615,127.098789",,,2,platonic-solid,5+
불암산,monorail sector,"37.658615,127.098789",,,3,작은천사,6a+
불암산,monorail sector,"37.658615,127.098789",,,4,the other mantle,6c
불암산,monorail sector,"37.658615,127.098789",,,5,straight up,6c+
불암산,monorail sector,"37.658615,127.098789",,,6,mantle at the mantlebloc,7a
불암산,monorail sector,"37.658615,127.098789",,,7,defined line,7b
불암산,monorail sector,"37.658615,127.098789",,,8,one punch man,7c
불암산,monorail sector,"37.658615,127.098789",,,9,project (prismatoid),?
불암산,monorail sector,"37.658615,127.098789",,,10,project (das schwarze auge),?
불암산,monorail sector,"37.658615,127.098789",,,11,route #9,3
불암산,monorail sector,"37.658615,127.098789",,,12,the copperfield,6a
관악산(관음사),dinosaur head boulder,"37.467435,126.975673",,,1,mountain dew,7b+
관악산(관음사),gwaneum boulder,"37.467435,126.975673",,,1,speetto,6b+
관악산(관음사),gwaneum boulder,"37.467435,126.975673",,,2,gulliver,7b
관악산(관음사),gwaneum boulder,"37.467435,126.975673",,,3,hug,7b
관악산(관음사),gwaneum boulder,"37.467435,126.975673",,,4,belly button,7b+
관악산,하트바위,"37.450164,126.939832",,,1,하트,6a+
관악산,?,"37.450164,126.939832",,,1,? V4,6b+
관악산(고물볼더),고물바위,"37.421401,126.924276",,,1,고물,7a
관악산(고물볼더),고물바위,"37.421401,126.924276",,,2,고물,"stand, 6a+"
관악산(고물볼더),잠수함 볼더,"37.421401,126.924276",,,1,dive,6b+
관악산(고물볼더),잠수함 볼더,"37.421401,126.924276",,,2,periscope,6b
관악산(고물볼더),잠수함 볼더,"37.421401,126.924276",,,3,솔이와 나들이,6b+
관악산(고물볼더),잠수함 볼더,"37.421401,126.924276",,,4,pororiyaa,5+
관악산(감자바위),rhino,"37.418579,126.925586",,,1,little rhino,5
관악산(감자바위),rhino,"37.418579,126.925586",,,2,rhino,6a+
관악산(감자바위),fossil snake,"37.418579,126.925586",,,1,barkbox,6b
관악산(감자바위),fossil snake,"37.418579,126.925586",,,2,leash,6c
관악산(감자바위),fossil snake,"37.418579,126.925586",,,3,fossil snake,7a+
관악산(감자바위),fossil snake,"37.418579,126.925586",,,4,dropbox,7a+
관악산(감자바위),fossil snake,"37.418579,126.925586",,,5,fossil snake,7a+
관악산(감자바위),fossil snake,"37.418579,126.925586",,,6,dropbox,7a+
관악산(감자바위),fossil snake,"37.418579,126.925586",,,7,fossil snake,7a+
관악산(감자바위),감자볼더,"37.418579,126.925586",,,1,a happy day,3
관악산(감자바위),감자볼더,"37.418579,126.925586",,,2,daby step,5+
관악산(감자바위),감자볼더,"37.418579,126.925586",,,3,ninja turtles standing,5+
관악산(감자바위),감자볼더,"37.418579,126.925586",,,4,leech (거머리),6a+
관악산(감자바위),감자볼더,"37.418579,126.925586",,,5,tadpole,6a+
관악산(감자바위),감자볼더,"37.418579,126.925586",,,6,ninja rurtles,6b+
관악산(감자바위),감자볼더,"37.418579,126.925586",,,7,one shot one kill,6b+
관악산(감자바위),감자볼더,"37.418579,126.925586",,,8,8.15,6b+
관악산(감자바위),감자볼더,"37.418579,126.925586",,,9,potato,6b+
관악산(감자바위),감자볼더,"37.418579,126.925586",,,10,frightening guy(무서운 놈),6c
관악산(감자바위),감자볼더,"37.418579,126.925586",,,11,couch potato,6c
관악산(감자바위),감자볼더,"37.418579,126.925586",,,12,three-cushion,6c+
관악산(감자바위),감자볼더,"37.418579,126.925586",,,13,bud,6c+
관악산(감자바위),감자볼더,"37.418579,126.925586",,,14,pebble wiestler,6c+
관악산(감자바위),감자볼더,"37.418579,126.925586",,,15,know when to fold,6c+
관악산(감자바위),감자볼더,"37.418579,126.925586",,,16,armstrong,7a
관악산(감자바위),감자볼더,"37.418579,126.925586",,,17,spider,7a
관악산(감자바위),감자볼더,"37.418579,126.925586",,,18,frog,7a
관악산(감자바위),감자볼더,"37.418579,126.925586",,,19,neruda avenue,7a+
관악산(감자바위),감자볼더,"37.418579,126.925586",,,20,time machine,7a+
관악산(감자바위),감자볼더,"37.418579,126.925586",,,21,broken,"scouter, 7a+"
관악산(감자바위),감자볼더,"37.418579,126.925586",,,22,deadpool,7b
관악산(감자바위),감자볼더,"37.418579,126.925586",,,23,first charge,7b+
관악산(감자바위),감자볼더,"37.418579,126.925586",,,24,real time machine,7c
관악산(감자바위),감자볼더,"37.418579,126.925586",,,25,valar morghulis,7c
관악산(감자바위),감자볼더,"37.418579,126.925586",,,26,wild wild east,7c
관악산(감자바위),감자볼더,"37.418579,126.925586",,,27,super charge,7c+
관악산(감자바위),감자볼더,"37.418579,126.925586",,,28,가제,"we need him, ?"
관악산(감자바위),감자볼더,"37.418579,126.925586",,,29,first charge,7b+
관악산(병아리섹터),병아리,"37.417527,126.922193",,,1,chick,3
관악산(병아리섹터),병아리,"37.417527,126.922193",,,2,crank of dawn,3
관악산(병아리섹터),병아리,"37.417527,126.922193",,,3,2pcs.,5+
관악산(병아리섹터),병아리,"37.417527,126.922193",,,4,chicken nuggets,6c+
관악산(병아리섹터),병아리,"37.417527,126.922193",,,5,crowing cock,6c+
관악산(병아리섹터),병아리,"37.417527,126.922193",,,6,hatch me if you can,7a
관악산(병아리섹터),병아리,"37.417527,126.922193",,,7,drum stick,7a
관악산(병아리섹터),병아리,"37.417527,126.922193",,,8,rooster king,7b
관악산(병아리섹터),병아리,"37.417527,126.922193",,,9,rocci,3
관악산(whale),whale,"37.412962,126.921481",,,1,crab legt,3
관악산(whale),whale,"37.412962,126.921481",,,2,finding nemo,6a
관악산(whale),whale,"37.412962,126.921481",,,3,crab,6a
관악산(whale),whale,"37.412962,126.921481",,,4,sea walker,6b
관악산(whale),whale,"37.412962,126.921481",,,5,whale,6c+
관악산(whale),whale,"37.412962,126.921481",,,6,whale right,7a+
관악산(whale),whale,"37.412962,126.921481",,,7,bombay,7b
관악산(whale),whale,"37.412962,126.921481",,,8,blues,7b
관악산(whale),whale,"37.412962,126.921481",,,9,whale legt,7b
관악산(whale),whale,"37.412962,126.921481",,,10,krill,7b
관악산(whale),whale,"37.412962,126.921481",,,11,gwangalli,7b+
관악산(whale),whale,"37.412962,126.921481",,,12,uncomfotable,7b+
관악산(whale),whale,"37.412962,126.921481",,,13,migaloo,7c
관악산(whale),whale,"37.412962,126.921481",,,14,anyang sea,7c
모락산(계원예대),마당볼더,"37.375802,126.978264",,,1,마당크랙,5
모락산(계원예대),마당볼더,"37.375802,126.978264",,,2,입등반금지,6a+
모락산(계원예대),마당볼더,"37.375802,126.978264",,,3,모락카노,6b+
모락산(계원예대),마당볼더,"37.375802,126.978264",,,4,공중부양,6c+
모락산(계원예대),마당볼더,"37.375802,126.978264",,,5,어려운 보라색,6c+
모락산(계원예대),마당볼더,"37.375802,126.978264",,,6,first line,6c+
모락산(계원예대),valley boulder,"37.375802,126.978264",,,1,south alabama steel,5+
모락산(계원예대),valley boulder,"37.375802,126.978264",,,2,horsepens highball,6c
모락산(계원예대),부엉이 바위,"37.375802,126.978264",,,1,owl,7c
모락산(계원예대),부엉이 바위,"37.375802,126.978264",,,2,detroit smash,6c
모락산(계원예대),사선크랙 볼더,"37.375802,126.978264",,,1,scarface,6b
모락산(계원예대),사선크랙 볼더,"37.375802,126.978264",,,2,boulder problem #2,3
모락산(계원예대),리틀 볼더,"37.375802,126.978264",,,1,easy cut,4
모락산(계원예대),리틀 볼더,"37.375802,126.978264",,,2,빵꾸똥꾸,6a+
모락산(계원예대),리틀 볼더,"37.375802,126.978264",,,3,노숙자,6b
모락산(계원예대),리틀 볼더,"37.375802,126.978264",,,4,무죄,6b
모락산(계원예대),리틀 볼더,"37.375802,126.978264",,,5,리틀그루브,7a
모락산(계원예대),리틀 볼더,"37.375802,126.978264",,,6,detour,7a
모락산(계원예대),리틀 볼더,"37.375802,126.978264",,,7,일반통행,7b+
모락산(계원예대),모비딕 볼더,"37.375802,126.978264",,,1,샤이니,6a
모락산(계원예대),모비딕 볼더,"37.375802,126.978264",,,2,모비딕 left,6a+
모락산(계원예대),모비딕 볼더,"37.375802,126.978264",,,3,모비딕,6b+
모락산(계원예대),모비딕 볼더,"37.375802,126.978264",,,4,링딩동,7a+
모락산(계원예대),모비딕 볼더,"37.375802,126.978264",,,5,샤이니 트레버스,7a+
모락산(계원예대),탱크 볼더,"37.375802,126.978264",,,1,물탱크,3
모락산(계원예대),탱크 볼더,"37.375802,126.978264",,,2,진실의 손,5
모락산(계원예대),dab boulder,"37.375802,126.978264",,,1,뒷꿈치,4+
모락산(계원예대),dab boulder,"37.375802,126.978264",,,2,손바닥,5
모락산(계원예대),dab boulder,"37.375802,126.978264",,,3,brunch,5
모락산(계원예대),dab boulder,"37.375802,126.978264",,,4,말랐으면,6a
모락산(계원예대),dab boulder,"37.375802,126.978264",,,5,포켓볼,6a+
모락산(계원예대),dab boulder,"37.375802,126.978264",,,6,키컷으면,6a+
모락산(계원예대),dab boulder,"37.375802,126.978264",,,7,잘했으면,6b
모락산(계원예대),dab boulder,"37.375802,126.978264",,,8,발등,6b+
모락산(계원예대),dab boulder,"37.375802,126.978264",,,9,손톱,6b+
모락산(계원예대),dab boulder,"37.375802,126.978264",,,10,small league,6b+
모락산(계원예대),dab boulder,"37.375802,126.978264",,,11,heal the heel,7a
모락산(계원예대),dab boulder,"37.375802,126.978264",,,12,school of rock,7a
모락산(계원예대),dab boulder,"37.375802,126.978264",,,13,생크림파이,7c
모락산(계원예대),dab boulder,"37.375802,126.978264",,,14,carom,6b
모락산(계원예대),dab boulder,"37.375802,126.978264",,,15,masse,6c
모락산(계원예대),크롱 볼더,"37.375802,126.978264",,,1,크롱탈출,7a
모락산(계원예대),크롱 볼더,"37.375802,126.978264",,,2,dust slide,7b
모락산(계원예대),크롱 볼더,"37.375802,126.978264",,,3,크롱,7c+
모락산(계원예대),크롱 볼더,"37.375802,126.978264",,,4,last crong,6b+
모락산(계원예대),크롱 볼더,"37.375802,126.978264",,,5,베이비크롱,7b+
모락산(계원예대),크롱 볼더,"37.375802,126.978264",,,6,진달래,8a
강원도 고성(high village boulders),the riverbeds,"38.261451,128.487945",,,1,in bloom,4
강원도 고성(high village boulders),the riverbeds,"38.261451,128.487945",,,2,sable,4
강원도 고성(high village boulders),the riverbeds,"38.261451,128.487945",,,3,far from the maddening crowd,4
강원도 고성(high village boulders),the riverbeds,"38.261451,128.487945",,,4,the last waltz,6a
강원도 고성(high village boulders),the riverbeds,"38.261451,128.487945",,,5,sun splashed,6a+
강원도 고성(high village boulders),the riverbeds,"38.261451,128.487945",,,6,hey diddle diddle,4
강원도 고성(high village boulders),the riverbeds,"38.261451,128.487945",,,7,poop chakra,4
강원도 고성(high village boulders),the riverbeds,"38.261451,128.487945",,,8,reciprocal animosity,6c+
강원도 고성(high village boulders),wrath sector,"38.261451,128.487945",,,1,wrath slab,4
강원도 고성(high village boulders),wrath sector,"38.261451,128.487945",,,2,genesis wave,4
강원도 고성(high village boulders),wrath sector,"38.261451,128.487945",,,3,pocket rocket,4
강원도 고성(high village boulders),wrath sector,"38.261451,128.487945",,,4,morning prayer,5
강원도 고성(high village boulders),wrath sector,"38.261451,128.487945",,,5,pile of schwill,5
강원도 고성(high village boulders),wrath sector,"38.261451,128.487945",,,6,cherry blossom,6a
강원도 고성(high village boulders),wrath sector,"38.261451,128.487945",,,7,crerry blossom,6a
강원도 고성(high village boulders),wrath sector,"38.261451,128.487945",,,8,crux of fate,6a
강원도 고성(high village boulders),wrath sector,"38.261451,128.487945",,,9,귀신 (ghost),6a
강원도 고성(high village boulders),wrath sector,"38.261451,128.487945",,,10,귀물귀신 (monster ghost),6a
강원도 고성(high village boulders),wrath sector,"38.261451,128.487945",,,11,origins,6a+
강원도 고성(high village boulders),wrath sector,"38.261451,128.487945",,,12,괴물 (monster),6a+
강원도 고성(high village boulders),wrath sector,"38.261451,128.487945",,,13,keelhauled,6a+
강원도 고성(high village boulders),wrath sector,"38.261451,128.487945",,,14,빈대떡,6a+
강원도 고성(high village boulders),wrath sector,"38.261451,128.487945",,,15,terminus,6b+
강원도 고성(high village boulders),wrath sector,"38.261451,128.487945",,,16,equilibrium,6b+
강원도 고성(high village boulders),wrath sector,"38.261451,128.487945",,,17,easy boy,6b+
강원도 고성(high village boulders),wrath sector,"38.261451,128.487945",,,18,hush,6c+
강원도 고성(high village boulders),wrath sector,"38.261451,128.487945",,,19,anaesthesia,6c+
강원도 고성(high village boulders),wrath sector,"38.261451,128.487945",,,20,palisade,6c+
강원도 고성(high village boulders),wrath sector,"38.261451,128.487945",,,21,쉬운여자 (easy girl),6c+
강원도 고성(high village boulders),wrath sector,"38.261451,128.487945",,,22,gravitational waves,6c+
강원도 고성(high village boulders),wrath sector,"38.261451,128.487945",,,23,damnation,7a
강원도 고성(high village boulders),wrath sector,"38.261451,128.487945",,,24,the rune,7a+
강원도 고성(high village boulders),wrath sector,"38.261451,128.487945",,,25,eviction,7a+
강원도 고성(high village boulders),wrath sector,"38.261451,128.487945",,,26,synesthesia,7a+
강원도 고성(high village boulders),wrath sector,"38.261451,128.487945",,,27,hieroglyph,7a+
강원도 고성(high village boulders),wrath sector,"38.261451,128.487945",,,28,merciless (sit),7b+
강원도 고성(high village boulders),wrath sector,"38.261451,128.487945",,,29,supreme verdict,7c
강원도 고성(high village boulders),wrath sector,"38.261451,128.487945",,,30,엄지 (thumb),6a+
강원도 고성(high village boulders),wrath sector,"38.261451,128.487945",,,31,tic toc,6c+
강원도 고성(high village boulders),the core,"38.261451,128.487945",,,1,lackadaisical,4
강원도 고성(high village boulders),the core,"38.261451,128.487945",,,2,letharg,4
강원도 고성(high village boulders),the core,"38.261451,128.487945",,,3,foolhardy,4
강원도 고성(high village boulders),the core,"38.261451,128.487945",,,4,dove,4
강원도 고성(high village boulders),the core,"38.261451,128.487945",,,5,maiden voyage,4
강원도 고성(high village boulders),the core,"38.261451,128.487945",,,6,kite takes flight,4
강원도 고성(high village boulders),the core,"38.261451,128.487945",,,7,exit stage left,5
강원도 고성(high village boulders),the core,"38.261451,128.487945",,,8,under achiever,5
강원도 고성(high village boulders),the core,"38.261451,128.487945",,,9,pilgrim,5
강원도 고성(high village boulders),the core,"38.261451,128.487945",,,10,violet,5
강원도 고성(high village boulders),the core,"38.261451,128.487945",,,11,fracture,6a
강원도 고성(high village boulders),the core,"38.261451,128.487945",,,12,exit stage right,6a
강원도 고성(high village boulders),the core,"38.261451,128.487945",,,13,happy turtle,6a
강원도 고성(high village boulders),the core,"38.261451,128.487945",,,14,the frontier,6a
강원도 고성(high village boulders),the core,"38.261451,128.487945",,,15,flavour saver,6a
강원도 고성(high village boulders),the core,"38.261451,128.487945",,,16,tantrum,6a+
강원도 고성(high village boulders),the core,"38.261451,128.487945",,,17,the fugitive,6a+
강원도 고성(high village boulders),the core,"38.261451,128.487945",,,18,crater impact,6a+
강원도 고성(high village boulders),the core,"38.261451,128.487945",,,19,hardy,6a+
강원도 고성(high village boulders),the core,"38.261451,128.487945",,,20,under the radar,6a+
강원도 고성(high village boulders),the core,"38.261451,128.487945",,,21,turtleback,6a+
강원도 고성(high village boulders),the core,"38.261451,128.487945",,,22,batcave traverse,6a+
강원도 고성(high village boulders),the core,"38.261451,128.487945",,,23,angry turtle,6a+
강원도 고성(high village boulders),the core,"38.261451,128.487945",,,24,skylight,6b+
강원도 고성(high village boulders),the core,"38.261451,128.487945",,,25,vigilance,6b+
강원도 고성(high village boulders),the core,"38.261451,128.487945",,,26,dimple,6b+
강원도 고성(high village boulders),the core,"38.261451,128.487945",,,27,cloak,6b+
강원도 고성(high village boulders),the core,"38.261451,128.487945",,,28,true grit,6b+
강원도 고성(high village boulders),the core,"38.261451,128.487945",,,29,sade,6b+
강원도 고성(high village boulders),the core,"38.261451,128.487945",,,30,sword of damocles,6c+
강원도 고성(high village boulders),the core,"38.261451,128.487945",,,31,force of will,6c+
강원도 고성(high village boulders),the core,"38.261451,128.487945",,,32,dagger,7a+
강원도 고성(high village boulders),the core,"38.261451,128.487945",,,33,be still,"my beating heart, 7a+"
강원도 고성(high village boulders),the core,"38.261451,128.487945",,,34,bil kim,7b
강원도 고성(high village boulders),the core,"38.261451,128.487945",,,35,perpetual devotion,7b+
강원도 고성(high village boulders),the core,"38.261451,128.487945",,,36,i,3
강원도 고성(high village boulders),the core,"38.261451,128.487945",,,37,cavern of souls,4
강원도 고성(high village boulders),the core,"38.261451,128.487945",,,38,flannel stander,5
강원도 고성(high village boulders),the core,"38.261451,128.487945",,,39,stand for nothing,5
강원도 고성(high village boulders),the hollow,"38.261451,128.487945",,,1,hole in fun,4
강원도 고성(high village boulders),the hollow,"38.261451,128.487945",,,2,christoph's warmup,5
강원도 고성(high village boulders),the hollow,"38.261451,128.487945",,,3,v2/p9,6a
강원도 고성(high village boulders),the hollow,"38.261451,128.487945",,,4,matt's arete,6a+
강원도 고성(high village boulders),the hollow,"38.261451,128.487945",,,5,little fucking alien heads,6a+
강원도 고성(high village boulders),the hollow,"38.261451,128.487945",,,6,greg's mountain minions,6a+
강원도 고성(high village boulders),the hollow,"38.261451,128.487945",,,7,happy tree,6b+
강원도 고성(high village boulders),the hollow,"38.261451,128.487945",,,8,moustache ride,6c+
강원도 고성(high village boulders),the hollow,"38.261451,128.487945",,,9,little ulsanbawi,7a+
강원도 고성(high village boulders),the hollow,"38.261451,128.487945",,,10,el bigote,7a+
강원도 고성(high village boulders),the factory,"38.261451,128.487945",,,1,something super badass,4
강원도 고성(high village boulders),the factory,"38.261451,128.487945",,,2,the mistress,6a
강원도 고성(high village boulders),the factory,"38.261451,128.487945",,,3,mistress mantle,6a+
강원도 고성(high village boulders),the factory,"38.261451,128.487945",,,4,expedition,6b+
강원도 고성(high village boulders),the factory,"38.261451,128.487945",,,5,gemstone,6b+
강원도 고성(high village boulders),the factory,"38.261451,128.487945",,,6,diamond in the rough,6b+
강원도 고성(high village boulders),the factory,"38.261451,128.487945",,,7,the fourth wall,6c+
강원도 고성(high village boulders),the factory,"38.261451,128.487945",,,8,the fourth wall (sit),7a+
강원도 고성(high village boulders),the factory,"38.261451,128.487945",,,9,maximum ettort,7a+
강원도 고성(high village boulders),cul de sac,"38.261451,128.487945",,,1,tranquility,5
강원도 고성(high village boulders),cul de sac,"38.261451,128.487945",,,2,the lashing,6a
강원도 고성(high village boulders),cul de sac,"38.261451,128.487945",,,3,only miss piggy was watching,6a
강원도 고성(high village boulders),cul de sac,"38.261451,128.487945",,,4,flashflood,6a
강원도 고성(high village boulders),cul de sac,"38.261451,128.487945",,,5,the man dance,6b+
강원도 고성(high village boulders),cul de sac,"38.261451,128.487945",,,6,studio 54,6b+
강원도 고성(high village boulders),cul de sac,"38.261451,128.487945",,,7,DMZ,6c+
강원도 고성(high village boulders),topside,"38.261451,128.487945",,,1,one,4
강원도 고성(high village boulders),topside,"38.261451,128.487945",,,2,two,4
강원도 고성(high village boulders),cliffside,"38.261451,128.487945",,,1,in bed with sasha,5
강원도 고성(high village boulders),cliffside,"38.261451,128.487945",,,2,spring espresso,5
강원도 고성(high village boulders),cliffside,"38.261451,128.487945",,,3,big jaw,5
강원도 고성(high village boulders),cliffside,"38.261451,128.487945",,,4,애꾸 (one eyed),6a+
강원도 고성(high village boulders),cliffside,"38.261451,128.487945",,,5,katana,6b
강원도 고성(high village boulders),cliffside,"38.261451,128.487945",,,6,turn heel up,6b+
강원도 고성(high village boulders),cliffside,"38.261451,128.487945",,,7,solitude,6b+
강원도 고성(high village boulders),cliffside,"38.261451,128.487945",,,8,reverse caboose,6c+
강원도 고성(high village boulders),cliffside,"38.261451,128.487945",,,9,골짜기 (gully),6c+
강원도 고성(high village boulders),cliffside,"38.261451,128.487945",,,10,brocambrain,7b+
강원도 고성(high village boulders),cliffside,"38.261451,128.487945",,,11,summit,4
강원도 고성(high village boulders),cliffside,"38.261451,128.487945",,,12,lunch break,6a
강원도 고성(high village boulders),cliffside,"38.261451,128.487945",,,13,quandary,6a
강원도 고성(high village boulders),cliffside,"38.261451,128.487945",,,14,sundrop,6a
강원도 고성(high village boulders),cliffside,"38.261451,128.487945",,,15,moonbeam,6a+
강원도 고성(high village boulders),cliffside,"38.261451,128.487945",,,16,the jaunt,6a+
강원도 고성(high village boulders),bonsai,"38.261451,128.487945",,,1,overbite,5
강원도 고성(high village boulders),bonsai,"38.261451,128.487945",,,2,초우,5
강원도 고성(high village boulders),bonsai,"38.261451,128.487945",,,3,sixth-nine,6a
강원도 고성(high village boulders),bonsai,"38.261451,128.487945",,,4,misdirection,6a
강원도 고성(high village boulders),bonsai,"38.261451,128.487945",,,5,badonkadonk,6a
강원도 고성(high village boulders),bonsai,"38.261451,128.487945",,,6,burn out syndrome,6a
강원도 고성(high village boulders),bonsai,"38.261451,128.487945",,,7,this is not the path to enlightenment,6a+
강원도 고성(high village boulders),bonsai,"38.261451,128.487945",,,8,강원도의 힘 (power of gangwan),6a+
강원도 고성(high village boulders),bonsai,"38.261451,128.487945",,,9,Übermensch (초인),6c+
강원도 고성(high village boulders),bonsai,"38.261451,128.487945",,,10,body karate,7a+
강원도 고성(high village boulders),bonsai,"38.261451,128.487945",,,11,stand into being,4
강원도 고성(high village boulders),bonsai,"38.261451,128.487945",,,12,barney,5
강원도 고성(high village boulders),bonsai,"38.261451,128.487945",,,13,premature evacuator,5
강원도 고성(high village boulders),bonsai,"38.261451,128.487945",,,14,step into being,6a+
강원도 고성(high village boulders),the gully,"38.261451,128.487945",,,1,rebound,4
강원도 고성(high village boulders),the gully,"38.261451,128.487945",,,2,reload,6a
강원도 고성(high village boulders),the gully,"38.261451,128.487945",,,3,recoil,6a+
강원도 고성(high village boulders),the gully,"38.261451,128.487945",,,4,rampart,6b+
강원도 고성(high village boulders),the gully,"38.261451,128.487945",,,5,solitary refinement,7b
강원도 고성(high village boulders),the gully,"38.261451,128.487945",,,6,baby mama drama,5
강원도 양양(jukdo),buchaebawi,"37.971566,128.765526",,,1,이대합격,3
강원도 양양(jukdo),buchaebawi,"37.971566,128.765526",,,2,조개속의 진주,3+
강원도 양양(jukdo),buchaebawi,"37.971566,128.765526",,,3,가리비,4+
강원도 양양(jukdo),buchaebawi,"37.971566,128.765526",,,4,barrel standing,5
강원도 양양(jukdo),buchaebawi,"37.971566,128.765526",,,5,해파랑길,5
강원도 양양(jukdo),buchaebawi,"37.971566,128.765526",,,6,wave attack,6a
강원도 양양(jukdo),buchaebawi,"37.971566,128.765526",,,7,barrel,6a+
강원도 양양(jukdo),buchaebawi,"37.971566,128.765526",,,8,short board,6a+
강원도 양양(jukdo),buchaebawi,"37.971566,128.765526",,,9,chaechae,6b
강원도 양양(jukdo),buchaebawi,"37.971566,128.765526",,,10,fomula,6c
강원도 양양(jukdo),buchaebawi,"37.971566,128.765526",,,11,free climb,6c
강원도 양양(jukdo),buchaebawi,"37.971566,128.765526",,,12,쿠쿠다스,6c+
강원도 양양(jukdo),buchaebawi,"37.971566,128.765526",,,13,대한민국,7a
강원도 양양(jukdo),buchaebawi,"37.971566,128.765526",,,14,군함도,7b
강원도 양양(jukdo),buchaebawi,"37.971566,128.765526",,,16,project,?
전라북도 진안,카타르시스,"35.975471,127.408168",,,1,katharsis,6c+
전라북도 진안,폭주족,"35.975471,127.408168",,,1,폭주족,6b+
전라북도 진안,폭주족,"35.975471,127.408168",,,2,리틀 배트맨,6c
전라북도 진안,폭주족,"35.975471,127.408168",,,3,family business,7a
전라북도 진안,"wet,wet,wet,","35.975471,127.408168",,,1,so easy,4
전라북도 진안,"wet,wet,wet,","35.975471,127.408168",,,2,finger blast,6a
전라북도 진안,"wet,wet,wet,","35.975471,127.408168",,,3,wet,"wet,wet, 6b+"
전라북도 진안,니트로바,"35.975471,127.408168",,,1,kneetrobar,7a
전라북도 진안,발 없는새,"35.975471,127.408168",,,1,투게더 (together),4
전라북도 진안,발 없는새,"35.975471,127.408168",,,2,30원,6a+
전라북도 진안,발 없는새,"35.975471,127.408168",,,3,don't hesitate,6a+
전라북도 진안,발 없는새,"35.975471,127.408168",,,4,홀로 아리랑,6b+
전라북도 진안,발 없는새,"35.975471,127.408168",,,5,don't hesitate,"sit, 6c+"
전라북도 진안,발 없는새,"35.975471,127.408168",,,6,발 없는 새,7a+
전라북도 진안,발 없는새,"35.975471,127.408168",,,7,three little birds,7c
전라북도 진안,작은고추,"35.975471,127.408168",,,1,작은 고추1,4
전라북도 진안,작은고추,"35.975471,127.408168",,,2,작은 고추2,5
전라북도 진안,왕자와 거지,"35.975471,127.408168",,,1,왕자와 거지,6a
전라북도 진안,왕자와 거지,"35.975471,127.408168",,,2,어린완자,6a
전라북도 진안,왕자와 거지,"35.975471,127.408168",,,3,외톨이,6a+
전라북도 진안,왕자와 거지,"35.975471,127.408168",,,4,unknown2,6b+
전라북도 진안,a6,"35.975471,127.408168",,,1,a6,7a
전라북도 진안,a6,"35.975471,127.408168",,,2,watchman left,7b
전라북도 진안,a6,"35.975471,127.408168",,,3,snow man,7b
전라북도 진안,a6,"35.975471,127.408168",,,4,a6 left,7b+
전라북도 진안,a6,"35.975471,127.408168",,,5,road hunter,7b+
전라북도 진안,a6,"35.975471,127.408168",,,6,watchman,7c
전라북도 진안,a6,"35.975471,127.408168",,,7,a6 left,"sit, 7c"
전라북도 진안,a6,"35.975471,127.408168",,,8,snow man,sit
전라북도 진안,x맨,"35.975471,127.408168",,,1,x man,7a+
전라북도 진안,프리쳐스,"35.975471,127.408168",,,1,이별 여행,6a
전라북도 진안,프리쳐스,"35.975471,127.408168",,,2,not too easy,6a+
전라북도 진안,프리쳐스,"35.975471,127.408168",,,3,festival,6c
전라북도 진안,프리쳐스,"35.975471,127.408168",,,4,maotai,6c
전라북도 진안,프리쳐스,"35.975471,127.408168",,,5,bishop,6c+
전라북도 진안,프리쳐스,"35.975471,127.408168",,,6,기다리 다이노,7a+
전라북도 진안,프리쳐스,"35.975471,127.408168",,,7,preachers,7b+
전라북도 진안,천렵 바위,"35.975471,127.408168",,,1,천렵1,5
전라북도 진안,천렵 바위,"35.975471,127.408168",,,2,삼각김밥 트래버스,6b+
전라북도 진안,천렵 바위,"35.975471,127.408168",,,3,천렵2,6c+
전라북도 진안,천렵 바위,"35.975471,127.408168",,,4,range against machine,7a+
전라북도 진안,천렵 바위,"35.975471,127.408168",,,5,bros,7a+
전라북도 진안,로드 최,"35.975471,127.408168",,,1,로드 최,4
전라북도 진안,로드 최,"35.975471,127.408168",,,2,동계 침낭,5
전라북도 진안,로드 최,"35.975471,127.408168",,,3,이른아침 뜀박질,6a+
전라북도 진안,gold rush,"35.975471,127.408168",,,1,단풍,4
전라북도 진안,gold rush,"35.975471,127.408168",,,2,가을,6a
전라북도 진안,gold rush,"35.975471,127.408168",,,3,gold rush,6b+
전라북도 진안,쪼꼬미,"35.975471,127.408168",,,1,쪼꼬미(jjoggomi),6c+
전라북도 진안,돌천막,"35.975471,127.408168",,,1,돌천막1,6a
전라북도 진안,돌천막,"35.975471,127.408168",,,2,돌천막2,6a+
전라북도 진안,돌천막,"35.975471,127.408168",,,3,fly light,6b+
전라북도 진안,돌천막,"35.975471,127.408168",,,4,된비알,6b+
전라북도 진안,돌천막,"35.975471,127.408168",,,5,다랑귀 놀이,7a+
전라북도 진안,돌천막,"35.975471,127.408168",,,6,fly harder,7a+
전라북도 진안,돌천막,"35.975471,127.408168",,,7,오마이정,7a+
전라북도 진안,돌천막,"35.975471,127.408168",,,8,붉은 노을,7a+
전라북도 진안,돌천막,"35.975471,127.408168",,,9,soft tree,7b
전라북도 진안,돌천막,"35.975471,127.408168",,,10,korean el poussah,7b
전라북도 진안,돌천막,"35.975471,127.408168",,,11,under pressure,7b+
전라북도 진안,돌천막,"35.975471,127.408168",,,12,enemy of gate,7b+
전라북도 진안,돌천막,"35.975471,127.408168",,,13,gate of illusions,7c
전라북도 진안,돌천막,"35.975471,127.408168",,,14,under pressure,"sit, 7c"
전라북도 진안,돌천막,"35.975471,127.408168",,,15,wind gate1,7c
전라북도 진안,meteorite,"35.975471,127.408168",,,1,meteorite,3
전라북도 진안,meteorite,"35.975471,127.408168",,,2,meteorite,"left, 4"
전라북도 진안,holon,"35.975471,127.408168",,,1,holon,6c+
전라북도 진안,holon,"35.975471,127.408168",,,2,homo ludens,7a+
전라북도 진안,둘이같이 하나,"35.975471,127.408168",,,1,하나-하나,4
전라북도 진안,둘이같이 하나,"35.975471,127.408168",,,2,둘이같이 하나,6a
전라북도 진안,둘이같이 하나,"35.975471,127.408168",,,3,하나+하나,6a
전라북도 진안,둘이같이 하나,"35.975471,127.408168",,,4,killing slab,?
전라북도 진안,special korea,"35.975471,127.408168",,,1,응답하라 1988,6b+
전라북도 진안,special korea,"35.975471,127.408168",,,2,special korea,6c+
전라북도 진안,special korea,"35.975471,127.408168",,,3,빵빵,6c+
전라북도 진안,대전 블루스,"35.975471,127.408168",,,1,morning coffee,6a+
전라북도 진안,대전 블루스,"35.975471,127.408168",,,2,부산 갈매기,6b
전라북도 진안,대전 블루스,"35.975471,127.408168",,,3,대전 블루스,"right, 6b+"
전라북도 진안,대전 블루스,"35.975471,127.408168",,,4,대전 블루스,"left, 7b"
전라북도 진안,긴팔 원숭이,"35.975471,127.408168",,,1,긴팔 원숭이,7b
전라북도 진안,물꽃/hero,"35.975471,127.408168",,,1,해적왕,5
전라북도 진안,물꽃/hero,"35.975471,127.408168",,,2,미끄덩,6a+
전라북도 진안,물꽃/hero,"35.975471,127.408168",,,3,물꽃(water flower),6b+
전라북도 진안,물꽃/hero,"35.975471,127.408168",,,4,평행선,6b+
전라북도 진안,물꽃/hero,"35.975471,127.408168",,,5,free hug,6c+
전라북도 진안,물꽃/hero,"35.975471,127.408168",,,6,hero,7b+
전라북도 진안,이슬톡톡,"35.975471,127.408168",,,1,crispy,5
전라북도 진안,이슬톡톡,"35.975471,127.408168",,,2,이슬톡톡,6a+
전라북도 진안,dream come true,"35.975471,127.408168",,,1,dream come true,"left, 3"
전라북도 진안,dream come true,"35.975471,127.408168",,,2,dream come true,4
전라북도 진안,만만한길,"35.975471,127.408168",,,1,만만한길,6a
전라북도 진안,만만한길,"35.975471,127.408168",,,2,더만만한길,6a+
전라북도 진안,만만한길,"35.975471,127.408168",,,3,축제,6b+
전라북도 진안,물조심,"35.975471,127.408168",,,1,unknown,5
전라북도 진안,물조심,"35.975471,127.408168",,,2,물조김,6a+
전라북도 진안,탄이,"35.975471,127.408168",,,1,놀면 뭐해,4
전라북도 진안,탄이,"35.975471,127.408168",,,2,디딤돌,6a+
전라북도 진안,탄이,"35.975471,127.408168",,,3,탄이,7a+
전라북도 진안,탄이,"35.975471,127.408168",,,4,bishop kim,7a+
전라북도 진안,excalibur,"35.975471,127.408168",,,1,excalibur,6b+
전라북도 진안,excalibur,"35.975471,127.408168",,,2,stand up,7a+
전라북도 진안,히치 하이킹,"35.975471,127.408168",,,1,hitch hiking,3
전라북도 진안,고투헤븐,"35.975471,127.408168",,,1,파란하늘,4
전라북도 진안,고투헤븐,"35.975471,127.408168",,,2,상록수,4
전라북도 진안,고투헤븐,"35.975471,127.408168",,,3,불꽃놀이,4+
전라북도 진안,고투헤븐,"35.975471,127.408168",,,4,go to heaven,6a+
전라북도 진안,고투헤븐,"35.975471,127.408168",,,5,불면증,6b+
전라북도 진안,고투헤븐,"35.975471,127.408168",,,6,go to hall,7a+
전라북도 진안,고투헤븐,"35.975471,127.408168",,,7,천국과 지옥사이,7a+
전라북도 진안,고투헤븐,"35.975471,127.408168",,,8,what the hell,7b
전라북도 진안,몽우리 돌,"35.975471,127.408168",,,1,몽우리 돌,6a+
전라북도 진안,땅파지마,"35.975471,127.408168",,,1,땅파지마발닿았어,5
전라북도 진안,물망초,"35.975471,127.408168",,,1,물망초,6a+
전라북도 진안,딜리버리맨/알바트로스,"35.975471,127.408168",,,1,갈대의 순정,5
전라북도 진안,딜리버리맨/알바트로스,"35.975471,127.408168",,,2,quick service,"left, 6a"
전라북도 진안,딜리버리맨/알바트로스,"35.975471,127.408168",,,3,quick service,"right, 6b+"
전라북도 진안,딜리버리맨/알바트로스,"35.975471,127.408168",,,4,albatross,6c
전라북도 진안,딜리버리맨/알바트로스,"35.975471,127.408168",,,5,delivery man,7a
전라북도 진안,딜리버리맨/알바트로스,"35.975471,127.408168",,,6,since1974,7a+
전라북도 진안,딜리버리맨/알바트로스,"35.975471,127.408168",,,7,delivery man,"low start, 7a+"
전라북도 진안,딜리버리맨/알바트로스,"35.975471,127.408168",,,8,delivery man,"direct, sit, 7b+"
전라북도 진안,딜리버리맨/알바트로스,"35.975471,127.408168",,,9,since 1974,"low, 7b+"
전라북도 진안,버티고,"35.975471,127.408168",,,1,small one,4
전라북도 진안,버티고,"35.975471,127.408168",,,2,broken,6c+
전라북도 진안,버티고,"35.975471,127.408168",,,3,버티고,7b
전라북도 진안,보글보글,"35.975471,127.408168",,,1,보글보글,4
전라북도 진안,곰비인비,"35.975471,127.408168",,,1,190cm,4
전라북도 진안,곰비인비,"35.975471,127.408168",,,2,곰비인비,6a+
전라북도 진안,거지 ,"35.975471,127.408168",,,1,친구들,4
전라북도 진안,거지 ,"35.975471,127.408168",,,2,black,5
전라북도 진안,거지 ,"35.975471,127.408168",,,3,거지,6a
전라북도 진안,걸스 볼더,"35.975471,127.408168",,,1,걸스 볼더,6a+
전라북도 진안,부직포,"35.975471,127.408168",,,1,부직포,?
전라북도 진안,옹박,"35.975471,127.408168",,,1,옹박,"left, ?"
전라북도 진안,옹박,"35.975471,127.408168",,,2,옹박,"right, ?"
전라북도 진안,다이노 사피엔스,"35.975471,127.408168",,,1,crimp sapience,5
전라북도 진안,다이노 사피엔스,"35.975471,127.408168",,,2,ceimp sapience,"dyno, 6a"
전라북도 진안,다이노 사피엔스,"35.975471,127.408168",,,3,crimp sapience,"right, 6a+"
전라북도 진안,다이노 사피엔스,"35.975471,127.408168",,,4,phono sapience,"sit, 6b+"
전라북도 진안,다이노 사피엔스,"35.975471,127.408168",,,5,dyno sapience,"sts, 7b"
전라북도 진안,다이노 사피엔스,"35.975471,127.408168",,,6,s line dyno,?
전라북도 진안,샤갈/말벌,"35.975471,127.408168",,,1,말벌,"sds, 6a+0"
전라북도 진안,샤갈/말벌,"35.975471,127.408168",,,2,샤갈의 눈내리는 마을,"sts, 7b"
전라북도 진안,샤갈/말벌,"35.975471,127.408168",,,3,샤갈의 눈내리는 마을,?
전라북도 진안,time attack,"35.975471,127.408168",,,1,time ataack,6c+
전라북도 진안,솔로,"35.975471,127.408168",,,1,solo,3
전라북도 진안,솔로,"35.975471,127.408168",,,2,solo,"sit, 5"
전라북도 진안,솔로,"35.975471,127.408168",,,3,앉아 쫘,6c+
전라북도 진안,time machine,"35.975471,127.408168",,,1,time machine,?
전라북도 진안,벌써 1년,"35.975471,127.408168",,,1,오 마이 송,4
전라북도 진안,벌써 1년,"35.975471,127.408168",,,2,벌써1년,5
전라북도 진안,벌써 1년,"35.975471,127.408168",,,3,벌떡 일어나,6a
전라북도 진안,벌써 1년,"35.975471,127.408168",,,4,벌써4년,6b
전라북도 진안,카메라맨,"35.975471,127.408168",,,1,카메라맨,6a+
전라북도 진안,운일암,"35.975471,127.408168",,,1,물가에서,4
전라북도 진안,운일암,"35.975471,127.408168",,,2,우회도로,5
전라북도 진안,운일암,"35.975471,127.408168",,,3,운일암,6a+
전라북도 진안,운일암,"35.975471,127.408168",,,4,sneaky snake,6b+
전라북도 진안,운일암,"35.975471,127.408168",,,5,변태ext,"right, 6b+"
전라북도 진안,운일암,"35.975471,127.408168",,,6,반일암,6b+
전라북도 진안,운일암,"35.975471,127.408168",,,8,변태,6c+
전라북도 진안,운일암,"35.975471,127.408168",,,9,변태ext,7a
전라북도 진안,탱크,"35.975471,127.408168",,,1,싸락눈,6a
전라북도 진안,탱크,"35.975471,127.408168",,,2,더블k,6a
전라북도 진안,탱크,"35.975471,127.408168",,,3,엘리베이터와 여자,6c+
전라북도 진안,탱크,"35.975471,127.408168",,,4,tank,7c+
전라북도 진안,탱크,"35.975471,127.408168",,,5,사이드 탱크(side tank),8a
전라북도 진안,"mr,president","35.975471,127.408168",,,1,twist reo,4
전라북도 진안,"mr,president","35.975471,127.408168",,,2,shiri,6a
전라북도 진안,"mr,president","35.975471,127.408168",,,3,mr,"president, 7a+"
전라남도 무등산,route suggestions,"35.161141,127.003592",,,1,이맘때,7c
전라남도 무등산,e7(탑이눈앞에),"35.161141,127.003592",,,1,탑이눈앞에,6b+
전라남도 무등산,e6(작은산),"35.161141,127.003592",,,1,딱총나무,3
전라남도 무등산,e6(작은산),"35.161141,127.003592",,,2,앞으로,4
전라남도 무등산,e6(작은산),"35.161141,127.003592",,,3,좌로,5
전라남도 무등산,e6(작은산),"35.161141,127.003592",,,4,반반한데,5+
전라남도 무등산,e6(작은산),"35.161141,127.003592",,,5,작은 산,6b
전라남도 무등산,e6(작은산),"35.161141,127.003592",,,6,언젠가 사라질,6c+
전라남도 무등산,e5(큰산),"35.161141,127.003592",,,1,곰돌이 푸,3
전라남도 무등산,e5(큰산),"35.161141,127.003592",,,2,큰 산,6b
전라남도 무등산,e5(큰산),"35.161141,127.003592",,,3,까마귀,6b+
전라남도 무등산,e5(큰산),"35.161141,127.003592",,,4,16개월,6b+
전라남도 무등산,e5(큰산),"35.161141,127.003592",,,5,청초,7a+
전라남도 무등산,e4(4/4),"35.161141,127.003592",,,1,1/4,3+
전라남도 무등산,e4(4/4),"35.161141,127.003592",,,2,1/4,4+
전라남도 무등산,e4(4/4),"35.161141,127.003592",,,3,3/4,5
전라남도 무등산,e4(4/4),"35.161141,127.003592",,,4,4/4,6a
전라남도 무등산,e3,"35.161141,127.003592",,,1,불그스레,3
전라남도 무등산,e3,"35.161141,127.003592",,,2,뺨,5
전라남도 무등산,e3,"35.161141,127.003592",,,3,기충전,5
전라남도 무등산,e2,"35.161141,127.003592",,,1,워매애,3
전라남도 무등산,e2,"35.161141,127.003592",,,2,수구이,4
전라남도 무등산,e2,"35.161141,127.003592",,,3,쉿쉿쉿,6a+
전라남도 무등산,e2,"35.161141,127.003592",,,4,신기하네,6b+
전라남도 무등산,b10(폭삭),"35.161141,127.003592",,,1,폭삭,4
전라남도 무등산,b10(폭삭),"35.161141,127.003592",,,2,모다기,4
전라남도 무등산,b10(폭삭),"35.161141,127.003592",,,3,연금보기 (sit),5+
전라남도 무등산,b10(폭삭),"35.161141,127.003592",,,4,폭삭 (sit),6a
전라남도 무등산,e1(한울아),"35.161141,127.003592",,,1,슬기롭게,4+
전라남도 무등산,e1(한울아),"35.161141,127.003592",,,2,여유롭게,5+
전라남도 무등산,e1(한울아),"35.161141,127.003592",,,3,감미롭게,6a+
전라남도 무등산,e1(한울아),"35.161141,127.003592",,,4,자유롭게,7a+
전라남도 무등산,e1(한울아),"35.161141,127.003592",,,5,호기롭게,7b+
전라남도 무등산,e1(한울아),"35.161141,127.003592",,,6,동혁이와 형들,7c+
전라남도 무등산,e1(한울아),"35.161141,127.003592",,,7,한울이와 아이들,8a
전라남도 무등산,b11(애지중지),"35.161141,127.003592",,,1,애지중지,7b
전라남도 무등산,b8(저너머엔),"35.161141,127.003592",,,1,저 너머엔 무엇이,7c+
전라남도 무등산,춘식이도,"35.161141,127.003592",,,1,어린왕자,5+
전라남도 무등산,춘식이도,"35.161141,127.003592",,,2,바람이 머물던 자리,"sit, 6a"
전라남도 무등산,춘식이도,"35.161141,127.003592",,,3,바람이 분다,6a
전라남도 무등산,춘식이도,"35.161141,127.003592",,,4,어쩌라고2,6a+
전라남도 무등산,춘식이도,"35.161141,127.003592",,,5,어쩌라고1,6a+
전라남도 무등산,춘식이도,"35.161141,127.003592",,,6,단바람에(run and jump),6a+
전라남도 무등산,춘식이도,"35.161141,127.003592",,,7,춘식이도,b+
전라남도 무등산,춘식이도,"35.161141,127.003592",,,8,작지만 큰 기쁨(small but big joy),6c+
전라남도 무등산,b12(시작이 절반),"35.161141,127.003592",,,1,시작이 절반,4
전라남도 무등산,s10(얼씨구),"35.161141,127.003592",,,1,얼씨구,6a
전라남도 무등산,b8(애그리나),"35.161141,127.003592",,,1,온새미로 sit,6a
전라남도 무등산,b8(애그리나),"35.161141,127.003592",,,2,애그리나,6a
전라남도 무등산,b13(종이 호랑이),"35.161141,127.003592",,,1,다람쥐 놀이터 sit,3+
전라남도 무등산,b13(종이 호랑이),"35.161141,127.003592",,,2,종이 호랑이 sit,6a+
전라남도 무등산,양일이,"35.161141,127.003592",,,1,양일이,5
전라남도 무등산,양일이,"35.161141,127.003592",,,2,보니,5
전라남도 무등산,s2(꽃등),"35.161141,127.003592",,,1,꽃등 1,3+
전라남도 무등산,s2(꽃등),"35.161141,127.003592",,,2,꽃등 2,3+
전라남도 무등산,s9(곰삭다),"35.161141,127.003592",,,1,곰삭다 1,"sit, 6a"
전라남도 무등산,s9(곰삭다),"35.161141,127.003592",,,2,곰삭다 2,"sit, 6b"
전라남도 무등산,b9(그린나래),"35.161141,127.003592",,,1,soft target,6b+
전라남도 무등산,b9(그린나래),"35.161141,127.003592",,,2,그린나래,7b
전라남도 무등산,b9(그린나래),"35.161141,127.003592",,,3,더그매,7b
전라남도 무등산,b9(그린나래),"35.161141,127.003592",,,4,non-target,7b+
전라남도 무등산,b9(그린나래),"35.161141,127.003592",,,5,targeting,7b+
전라남도 무등산,b6(삼시세끼),"35.161141,127.003592",,,1,가온누리 sit,5+
전라남도 무등산,b6(삼시세끼),"35.161141,127.003592",,,2,삼시세끼,6a
전라남도 무등산,b6(삼시세끼),"35.161141,127.003592",,,3,흔적,"sit, 6a+"
전라남도 무등산,s11(낮에 뜨는 별),"35.161141,127.003592",,,1,달맞이 sit,4+
전라남도 무등산,s11(낮에 뜨는 별),"35.161141,127.003592",,,2,낮에 뜨는별 sit,6b+
전라남도 무등산,s11(낮에 뜨는 별),"35.161141,127.003592",,,3,하나둘셋,"sit, 6b+"
전라남도 무등산,b15(아름),"35.161141,127.003592",,,1,아름,7b+
전라남도 무등산,b7(여우비),"35.161141,127.003592",,,1,여우비 sit,4+
전라남도 무등산,b7(여우비),"35.161141,127.003592",,,2,여우비 direct,"sit, 6c+"
전라남도 무등산,b16(2019mbf man),"35.161141,127.003592",,,1,.기스락,5
전라남도 무등산,b16(2019mbf man),"35.161141,127.003592",,,2,2019년 mbf 남자 이벤트,7c+
전라남도 무등산,b2(황금햇살),"35.161141,127.003592",,,1,황금햇살1,6a
전라남도 무등산,b2(황금햇살),"35.161141,127.003592",,,2,황금햇살2,6b
전라남도 무등산,b2(황금햇살),"35.161141,127.003592",,,3,아스라이,6c+
전라남도 무등산,b2(황금햇살),"35.161141,127.003592",,,4,낭만여행,7a
전라남도 무등산,b2(황금햇살),"35.161141,127.003592",,,5,어쩌다 다이노,7a+
전라남도 무등산,b2(황금햇살),"35.161141,127.003592",,,6,대도무문,?
전라남도 무등산,b3(날포),"35.161141,127.003592",,,1,날포,5+
전라남도 무등산,b5(애오라지),"35.161141,127.003592",,,1,애오라지,6c+
전라남도 무등산,b14(부라퀴),"35.161141,127.003592",,,1,긍그이,6c
전라남도 무등산,b14(부라퀴),"35.161141,127.003592",,,2,포도시,7a
전라남도 무등산,b14(부라퀴),"35.161141,127.003592",,,3,부라퀴,7a+
전라남도 무등산,s7(견우와 직녀),"35.161141,127.003592",,,1,견우,5
전라남도 무등산,s7(견우와 직녀),"35.161141,127.003592",,,2,직녀,5
전라남도 무등산,s7(견우와 직녀),"35.161141,127.003592",,,3,직관 sit,6a+
전라남도 무등산,s7(견우와 직녀),"35.161141,127.003592",,,4,견우와 직녀,6b+
전라남도 무등산,s7(견우와 직녀),"35.161141,127.003592",,,5,라샤마보,7b+
전라남도 무등산,gps560(녹즙슬랩),"35.161141,127.003592",,,1,no name(녹즙슬랩),6b+
전라남도 무등산,5년전에,"35.161141,127.003592",,,1,5년 전에,"sit, 7a+"
전라남도 무등산,5년전에,"35.161141,127.003592",,,2,7sus의 밤,7b
전라남도 무등산,엄지공주,"35.161141,127.003592",,,1,엄지공주,6a
전라남도 무등산,고통의 숲,"35.161141,127.003592",,,1,고통의 숲 순한맛,7a
전라남도 무등산,고통의 숲,"35.161141,127.003592",,,2,고통의 숲 매운맛,7c
전라남도 무등산,u1(사부자기)),"35.161141,127.003592",,,1,멧돼지,5
전라남도 무등산,u1(사부자기)),"35.161141,127.003592",,,2,bm로드,5+
전라남도 무등산,u1(사부자기)),"35.161141,127.003592",,,3,멧돼지2,5+
전라남도 무등산,u1(사부자기)),"35.161141,127.003592",,,4,늪,6a+
전라남도 무등산,u1(사부자기)),"35.161141,127.003592",,,5,상상 속으로,6b+
전라남도 무등산,u1(사부자기)),"35.161141,127.003592",,,6,사부자기,6c+
전라남도 무등산,u1(사부자기)),"35.161141,127.003592",,,7,사부자기,"sit, 7a+"
전라남도 무등산,u1(사부자기)),"35.161141,127.003592",,,8,gear second,8a+
전라남도 무등산,u1(사부자기)),"35.161141,127.003592",,,9,gear third,8b
전라남도 무등산,산타의 비밀상자,"35.161141,127.003592",,,1,저녁이슬,6a+
전라남도 무등산,산타의 비밀상자,"35.161141,127.003592",,,2,산타의 비밀상사,6b+
전라남도 무등산,산타의 비밀상자,"35.161141,127.003592",,,3,청산에 살으리랏다,6b+
전라남도 무등산,산타의 비밀상자,"35.161141,127.003592",,,4,독야청청,6b+
전라남도 무등산,산타의 비밀상자,"35.161141,127.003592",,,5,만물상자,6c
전라남도 무등산,산타의 비밀상자,"35.161141,127.003592",,,6,저녁이슬 right,6c+
전라남도 무등산,산타의 비밀상자,"35.161141,127.003592",,,7,청산별곡,?
전라남도 무등산,s6(보이지 않는너),"35.161141,127.003592",,,1,츠렁과 너럭,6a
전라남도 무등산,s6(보이지 않는너),"35.161141,127.003592",,,2,보이지 않는 너,6c+
전라남도 무등산,s6(보이지 않는너),"35.161141,127.003592",,,3,말벌의 고향,7a+
전라남도 무등산,s6(보이지 않는너),"35.161141,127.003592",,,4,파랑새를 찾아서,7a+
전라남도 무등산,일석사조,"35.161141,127.003592",,,1,일석사조,7c+
전라남도 무등산,일석사조,"35.161141,127.003592",,,2,유관신,8a+
전라남도 무등산,2윌의 벚꽃,"35.161141,127.003592",,,1,2월의 벚꽃,7a+
전라남도 무등산,2윌의 벚꽃,"35.161141,127.003592",,,2,귀경가세,7c
전라남도 무등산,u4(홍겨숙),"35.161141,127.003592",,,1,천사의 날개,7a
전라남도 무등산,u4(홍겨숙),"35.161141,127.003592",,,2,홍일이의 겨울방학 숙제,7b+
전라남도 무등산,u4(홍겨숙),"35.161141,127.003592",,,3,날개 잃은 천사,7c
전라남도 무등산,u4(홍겨숙),"35.161141,127.003592",,,4,kitty,8a+
전라남도 무등산,u7(삼삼하게),"35.161141,127.003592",,,1,홀가분하게,5
전라남도 무등산,u7(삼삼하게),"35.161141,127.003592",,,2,삼삼하게,6a+
전라남도 무등산,u7(삼삼하게),"35.161141,127.003592",,,3,삼삼하게,"sit, 7a"
전라남도 무등산,u7(삼삼하게),"35.161141,127.003592",,,4,fontainebleau connection,7a+
전라남도 무등산,u7(삼삼하게),"35.161141,127.003592",,,5,우아하게,7a+
전라남도 무등산,u7(삼삼하게),"35.161141,127.003592",,,6,fontaine connection,"direct,sts, 7b"
전라남도 무등산,u7(삼삼하게),"35.161141,127.003592",,,7,fontain connection,"direct, ?"
전라남도 무등산,u5,"35.161141,127.003592",,,1,무명,6a
전라남도 무등산,u5,"35.161141,127.003592",,,2,테디 베어,6a
전라남도 무등산,u5,"35.161141,127.003592",,,3,판다 (panda),6a+
전라남도 무등산,u5,"35.161141,127.003592",,,4,코알라 다이노,6c+
전라남도 무등산,u5,"35.161141,127.003592",,,5,흑곰,7a
전라남도 무등산,s1(싸락눈),"35.161141,127.003592",,,1,새싹,4
전라남도 무등산,s1(싸락눈),"35.161141,127.003592",,,2,푸른길,4
전라남도 무등산,s1(싸락눈),"35.161141,127.003592",,,3,햇살가득,5
전라남도 무등산,s1(싸락눈),"35.161141,127.003592",,,4,싸락눈,6a+
전라남도 무등산,u3(숲속의 정원),"35.161141,127.003592",,,1,숲속의 정원,"stand, 6c+"
전라남도 무등산,u3(숲속의 정원),"35.161141,127.003592",,,2,숲속의 정원,7a+
전라남도 무등산,u6(dirty),"35.161141,127.003592",,,1,dirty,7c
전라남도 무등산,n1,"35.161141,127.003592",,,1,된비알,6a
전라남도 무등산,n1,"35.161141,127.003592",,,2,커피 한잔,6c+
전라남도 무등산,n1,"35.161141,127.003592",,,3,02062,8a+
전라남도 무등산,u10(풍운아성),"35.161141,127.003592",,,1,가을 언덕,5
전라남도 무등산,u10(풍운아성),"35.161141,127.003592",,,2,뭉치 덩어리,6a
전라남도 무등산,u10(풍운아성),"35.161141,127.003592",,,3,풍운아성,7a+
전라남도 무등산,n5(보릿고개),"35.161141,127.003592",,,1,나르샤,6c+
전라남도 무등산,n5(보릿고개),"35.161141,127.003592",,,2,벚꽃 만개,6c+
전라남도 무등산,n5(보릿고개),"35.161141,127.003592",,,3,춤추는 나르샤,7a+
전라남도 무등산,n5(보릿고개),"35.161141,127.003592",,,4,보릿고개,8a+
전라남도 무등산,n2,"35.161141,127.003592",,,1,겨끔내기,6b
전라남도 무등산,n2,"35.161141,127.003592",,,2,한반도,7a
전라남도 무등산,n2,"35.161141,127.003592",,,3,꽃비,7a
전라남도 무등산,n2,"35.161141,127.003592",,,4,2016 여자 이벤트 루트,7a+
전라남도 무등산,준희의 한글날,"35.161141,127.003592",,,1,준희의 한글날,6b+
전라남도 지리산 (피아골 계곡),big twin(쌍둥이 바위),"35.228269,127.597441",,,1,unknown,4
전라남도 지리산 (피아골 계곡),big twin(쌍둥이 바위),"35.228269,127.597441",,,2,unknown face,5
전라남도 지리산 (피아골 계곡),big twin(쌍둥이 바위),"35.228269,127.597441",,,3,unknown,6a
전라남도 지리산 (피아골 계곡),big twin(쌍둥이 바위),"35.228269,127.597441",,,4,unknown,6a
전라남도 지리산 (피아골 계곡),big twin(쌍둥이 바위),"35.228269,127.597441",,,5,unknown cante,6a+
전라남도 지리산 (피아골 계곡),big twin(쌍둥이 바위),"35.228269,127.597441",,,6,little hairy,6a+
전라남도 지리산 (피아골 계곡),big twin(쌍둥이 바위),"35.228269,127.597441",,,7,bear foot mantling,6a+
전라남도 지리산 (피아골 계곡),big twin(쌍둥이 바위),"35.228269,127.597441",,,8,unknown traverse,6b+
전라남도 지리산 (피아골 계곡),big twin(쌍둥이 바위),"35.228269,127.597441",,,9,빨치산,6b+
전라남도 지리산 (피아골 계곡),big twin(쌍둥이 바위),"35.228269,127.597441",,,10,pulp friction,7a+
전라남도 지리산 (피아골 계곡),big twin(쌍둥이 바위),"35.228269,127.597441",,,11,earlybird traverse,7c
전라남도 지리산 (피아골 계곡),big twin(쌍둥이 바위),"35.228269,127.597441",,,12,project high ball,?
전라남도 지리산 (피아골 계곡),big twin(쌍둥이 바위),"35.228269,127.597441",,,13,unknown,?
전라남도 지리산 (피아골 계곡),big twin(쌍둥이 바위),"35.228269,127.597441",,,14,unknown face,?
전라남도 지리산 (피아골 계곡),god ball,"35.228269,127.597441",,,1,pants off,4
전라남도 지리산 (피아골 계곡),god ball,"35.228269,127.597441",,,2,slip and slide,5
전라남도 지리산 (피아골 계곡),god ball,"35.228269,127.597441",,,3,two side,5
전라남도 지리산 (피아골 계곡),god ball,"35.228269,127.597441",,,4,live fast chalk none,6a
전라남도 지리산 (피아골 계곡),god ball,"35.228269,127.597441",,,5,fourminustwoex,6a
전라남도 지리산 (피아골 계곡),god ball,"35.228269,127.597441",,,6,공기차기,6a
전라남도 지리산 (피아골 계곡),god ball,"35.228269,127.597441",,,7,smith's question,6a+
전라남도 지리산 (피아골 계곡),god ball,"35.228269,127.597441",,,8,devils marbles,6a+
전라남도 지리산 (피아골 계곡),god ball,"35.228269,127.597441",,,9,day light,6a+
전라남도 지리산 (피아골 계곡),god ball,"35.228269,127.597441",,,10,day light variation,6a+
전라남도 지리산 (피아골 계곡),god ball,"35.228269,127.597441",,,11,2xl,6b
전라남도 지리산 (피아골 계곡),god ball,"35.228269,127.597441",,,12,april funk,6c
전라남도 지리산 (피아골 계곡),god ball,"35.228269,127.597441",,,13,god ball,6c+
전라남도 지리산 (피아골 계곡),god ball,"35.228269,127.597441",,,14,god ball variation,6c+
전라남도 지리산 (피아골 계곡),god ball,"35.228269,127.597441",,,15,whale traverse,6c+
전라남도 지리산 (피아골 계곡),god ball,"35.228269,127.597441",,,16,aa,3
전라남도 지리산 (피아골 계곡),god ball,"35.228269,127.597441",,,17,easy easy,4
전라남도 지리산 (피아골 계곡),god ball,"35.228269,127.597441",,,18,brick,5
전라남도 지리산 (피아골 계곡),god ball,"35.228269,127.597441",,,19,곡괭이의 힐,6a
전라남도 지리산 (피아골 계곡),god ball,"35.228269,127.597441",,,20,blowfish,6a
전라남도 지리산 (피아골 계곡),god ball,"35.228269,127.597441",,,21,지리산 soil,6b
전라남도 지리산 (피아골 계곡),god ball,"35.228269,127.597441",,,22,지리산 soil,6b+
전라남도 지리산 (피아골 계곡),곡괭이,"35.228269,127.597441",,,1,곡괭이의 힐,6a
전라남도 지리산 (피아골 계곡),not attached to sector,"35.228269,127.597441",,,1,april funk,6c
전라남도 지리산 (중산리),beach,"35.294733,127.755589",,,1,easy slab1,"2, 3"
전라남도 지리산 (중산리),beach,"35.294733,127.755589",,,2,no name(mr.chang),3
전라남도 지리산 (중산리),beach,"35.294733,127.755589",,,3,beach boy,3+
전라남도 지리산 (중산리),beach,"35.294733,127.755589",,,4,pirana,3+
전라남도 지리산 (중산리),beach,"35.294733,127.755589",,,5,no name (ride the whale back),4
전라남도 지리산 (중산리),beach,"35.294733,127.755589",,,6,soju,4
전라남도 지리산 (중산리),beach,"35.294733,127.755589",,,7,little cube,4
전라남도 지리산 (중산리),beach,"35.294733,127.755589",,,8,songpyun1,4
전라남도 지리산 (중산리),beach,"35.294733,127.755589",,,9,songpyun3,4
전라남도 지리산 (중산리),beach,"35.294733,127.755589",,,10,torgua twister,5
전라남도 지리산 (중산리),beach,"35.294733,127.755589",,,11,man in black,5
전라남도 지리산 (중산리),beach,"35.294733,127.755589",,,12,korea goes the whale hunting,6a
전라남도 지리산 (중산리),beach,"35.294733,127.755589",,,13,sunblocker,6a
전라남도 지리산 (중산리),beach,"35.294733,127.755589",,,14,pin of the whale,6a
전라남도 지리산 (중산리),beach,"35.294733,127.755589",,,15,tail of the whale,6a
전라남도 지리산 (중산리),beach,"35.294733,127.755589",,,16,super moon,6a
전라남도 지리산 (중산리),beach,"35.294733,127.755589",,,17,insomnia,"sit, 6a"
전라남도 지리산 (중산리),beach,"35.294733,127.755589",,,18,songpyun2,6a
전라남도 지리산 (중산리),beach,"35.294733,127.755589",,,19,time to say goodbyw,6a
전라남도 지리산 (중산리),beach,"35.294733,127.755589",,,20,taco taco(딱고,"딱고), 6a+"
전라남도 지리산 (중산리),beach,"35.294733,127.755589",,,21,hite,6a+
전라남도 지리산 (중산리),beach,"35.294733,127.755589",,,22,강강수월래(moon dance),6a+
전라남도 지리산 (중산리),beach,"35.294733,127.755589",,,23,jinro,6a+
전라남도 지리산 (중산리),beach,"35.294733,127.755589",,,24,black swan,6b
전라남도 지리산 (중산리),beach,"35.294733,127.755589",,,25,andrea slab,6b
전라남도 지리산 (중산리),beach,"35.294733,127.755589",,,26,black & white,6b+
전라남도 지리산 (중산리),beach,"35.294733,127.755589",,,27,warm bite,6c
전라남도 지리산 (중산리),beach,"35.294733,127.755589",,,28,flaming moes,6c+
전라남도 지리산 (중산리),beach,"35.294733,127.755589",,,29,the whale,7a
전라남도 지리산 (중산리),beach,"35.294733,127.755589",,,30,heel phlip,7a+
전라남도 지리산 (중산리),beach,"35.294733,127.755589",,,31,crack whore,7a+
전라남도 지리산 (중산리),beach,"35.294733,127.755589",,,32,wing of black swan,7a+
전라남도 지리산 (중산리),beach,"35.294733,127.755589",,,33,pieman,7b
전라남도 지리산 (중산리),beach,"35.294733,127.755589",,,34,tabula rasa,7b+
전라남도 지리산 (중산리),beach,"35.294733,127.755589",,,35,concrete beach,7c
전라남도 지리산 (중산리),beach,"35.294733,127.755589",,,36,project,?
전라남도 지리산 (중산리),beach,"35.294733,127.755589",,,37,no country fir balled man,?
전라남도 지리산 (중산리),beach,"35.294733,127.755589",,,38,project,?
전라남도 지리산 (중산리),beach,"35.294733,127.755589",,,39,black rose,?
전라남도 지리산 (중산리),beach,"35.294733,127.755589",,,40,project,?
전라남도 지리산 (중산리),beach,"35.294733,127.755589",,,41,light of super moon,?
전라남도 지리산 (중산리),beach,"35.294733,127.755589",,,42,black high heel,?
전라남도 지리산 (중산리),beach,"35.294733,127.755589",,,43,one shot,?
전라남도 지리산 (중산리),beach,"35.294733,127.755589",,,44,sunblocker traverse,?
전라남도 지리산 (중산리),beach,"35.294733,127.755589",,,45,prana tail1,?
전라남도 지리산 (중산리),beach,"35.294733,127.755589",,,46,prana tail2,?
전라남도 지리산 (중산리),beach,"35.294733,127.755589",,,47,sisyphos sds,7a+
전라남도 지리산 (중산리),water fall,"35.294733,127.755589",,,1,cayl 15,4
전라남도 지리산 (중산리),water fall,"35.294733,127.755589",,,2,first corner sds,5
전라남도 지리산 (중산리),water fall,"35.294733,127.755589",,,3,like dong ho kim,6a
전라남도 지리산 (중산리),water fall,"35.294733,127.755589",,,4,hollow man,6a
전라남도 지리산 (중산리),water fall,"35.294733,127.755589",,,5,swag,"straiht, 6a"
전라남도 지리산 (중산리),water fall,"35.294733,127.755589",,,6,맷돌,6a
전라남도 지리산 (중산리),water fall,"35.294733,127.755589",,,7,맷돌,"left, 6a"
전라남도 지리산 (중산리),water fall,"35.294733,127.755589",,,8,marcolepsy,"right, 6a"
전라남도 지리산 (중산리),water fall,"35.294733,127.755589",,,9,swag,"right, 6a+"
전라남도 지리산 (중산리),water fall,"35.294733,127.755589",,,10,절구통?(mortar),6a+
전라남도 지리산 (중산리),water fall,"35.294733,127.755589",,,11,code blue,6a+
전라남도 지리산 (중산리),water fall,"35.294733,127.755589",,,12,어처구니,6a+
전라남도 지리산 (중산리),water fall,"35.294733,127.755589",,,13,marcoepsy,"left, 6a+"
전라남도 지리산 (중산리),water fall,"35.294733,127.755589",,,14,choco muffin,"right, 6a+"
전라남도 지리산 (중산리),water fall,"35.294733,127.755589",,,15,gyu line sds,6b
전라남도 지리산 (중산리),water fall,"35.294733,127.755589",,,16,the muse,6c
전라남도 지리산 (중산리),water fall,"35.294733,127.755589",,,17,styx,6c+
전라남도 지리산 (중산리),water fall,"35.294733,127.755589",,,18,like yuna kim,6c+
전라남도 지리산 (중산리),water fall,"35.294733,127.755589",,,19,choco muffin,"left, 6c+"
전라남도 지리산 (중산리),water fall,"35.294733,127.755589",,,20,공각기동대,7a
전라남도 지리산 (중산리),water fall,"35.294733,127.755589",,,21,project,?
전라남도 지리산 (중산리),water fall,"35.294733,127.755589",,,22,no name traverse,?
전라남도 지리산 (중산리),water fall,"35.294733,127.755589",,,23,no name traverse,?
전라남도 지리산 (중산리),water fall,"35.294733,127.755589",,,24,warmup1,?
전라남도 지리산 (중산리),water fall,"35.294733,127.755589",,,25,warmup2,?
전라남도 지리산 (중산리),above water tall,"35.294733,127.755589",,,1,bonsei shroom,5
전라남도 지리산 (중산리),above water tall,"35.294733,127.755589",,,2,bridge over shallow water,6a+
전라남도 지리산 (중산리),above water tall,"35.294733,127.755589",,,3,nameless,6a+
전라남도 지리산 (중산리),above water tall,"35.294733,127.755589",,,4,bridge over little water,6c+
전라남도 지리산 (중산리),above water tall,"35.294733,127.755589",,,5,dweed of korea,7a+
전라남도 지리산 (중산리),above water tall,"35.294733,127.755589",,,6,namless crack,?
전라남도 지리산 (중산리),above water tall,"35.294733,127.755589",,,7,abracadabra,?
전라남도 지리산 (중산리),bridge,"35.294733,127.755589",,,1,화성인,3
전라남도 지리산 (중산리),bridge,"35.294733,127.755589",,,2,easy slab,4
전라남도 지리산 (중산리),bridge,"35.294733,127.755589",,,3,under the bridge,"left, 4"
전라남도 지리산 (중산리),bridge,"35.294733,127.755589",,,4,greyhound,4+
전라남도 지리산 (중산리),bridge,"35.294733,127.755589",,,5,오동나무,4+
전라남도 지리산 (중산리),bridge,"35.294733,127.755589",,,6,spring church,5
전라남도 지리산 (중산리),bridge,"35.294733,127.755589",,,7,under the bridge,"right, 5"
전라남도 지리산 (중산리),bridge,"35.294733,127.755589",,,8,super comet,5
전라남도 지리산 (중산리),bridge,"35.294733,127.755589",,,9,no name tace,6a
전라남도 지리산 (중산리),bridge,"35.294733,127.755589",,,10,타타타,6a
전라남도 지리산 (중산리),bridge,"35.294733,127.755589",,,11,그린 나래,6b+
전라남도 지리산 (중산리),bridge,"35.294733,127.755589",,,12,아수라,6b+
전라남도 지리산 (중산리),bridge,"35.294733,127.755589",,,13,삼형제,6b+
전라남도 지리산 (중산리),bridge,"35.294733,127.755589",,,14,black diamond,"sit, 6b+"
전라남도 지리산 (중산리),bridge,"35.294733,127.755589",,,15,microcosm,7a
전라남도 지리산 (중산리),bridge,"35.294733,127.755589",,,16,black diamond,"low sit, 7a+"
전라남도 지리산 (중산리),bridge,"35.294733,127.755589",,,17,no name arete,?
전라남도 지리산 (중산리),bridge,"35.294733,127.755589",,,18,no name face(little high),?
전라남도 지리산 (중산리),bridge,"35.294733,127.755589",,,19,no name (hard),?
전라남도 지리산 (중산리),bridge,"35.294733,127.755589",,,20,project1,?
전라남도 한려해상국립공원(금왕사),road side,"34.776764,127.967849",,,1,golden age,6a
경상북도 학가산,madang,"36.657112,128.613794",,,1,bridal mask (각시탈),5
경상북도 학가산,madang,"36.657112,128.613794",,,2,byeongsan mask(병산탈),6a+
경상북도 학가산,madang,"36.657112,128.613794",,,3,hahoe mask(하회탈),6b+
경상북도 학가산,madang,"36.657112,128.613794",,,4,tive eagle brothers(독수리오형제 a.k.a gatcha man),6c+
경상북도 학가산,madang,"36.657112,128.613794",,,5,god phoenix,7a+
경상북도 영덕(hae maji),titans,"36.424485,129.435205",,,1,titan,3
경상북도 영덕(hae maji),titans,"36.424485,129.435205",,,2,crank mickey,4
경상북도 영덕(hae maji),titans,"36.424485,129.435205",,,3,salt candy,4
경상북도 영덕(hae maji),titans,"36.424485,129.435205",,,4,little titan,4
경상북도 영덕(hae maji),titans,"36.424485,129.435205",,,5,fintasy,4
경상북도 영덕(hae maji),titans,"36.424485,129.435205",,,6,padakma,5
경상북도 영덕(hae maji),titans,"36.424485,129.435205",,,7,dishmantle,5
경상북도 영덕(hae maji),titans,"36.424485,129.435205",,,8,skipper,6a
경상북도 영덕(hae maji),titans,"36.424485,129.435205",,,9,the lure,6a+
경상북도 영덕(hae maji),titans,"36.424485,129.435205",,,10,virgin mermaid,6a+
경상북도 영덕(hae maji),titans,"36.424485,129.435205",,,11,the mosang,6a+
경상북도 영덕(hae maji),titans,"36.424485,129.435205",,,12,sea v#,6a+
경상북도 영덕(hae maji),titans,"36.424485,129.435205",,,13,yagaruji thunder,6b
경상북도 영덕(hae maji),titans,"36.424485,129.435205",,,14,the splash,6b+
경상북도 영덕(hae maji),titans,"36.424485,129.435205",,,15,myrmidons,7a+
경상북도 영덕(hae maji),titans,"36.424485,129.435205",,,16,project,?
경상북도 영덕(hae maji),titans,"36.424485,129.435205",,,17,project,?
경상북도 영덕(hae maji),titans,"36.424485,129.435205",,,18,seaslab,?
경상북도 영덕(hae maji),titans,"36.424485,129.435205",,,19,project,?
경상북도 영덕(hae maji),titans,"36.424485,129.435205",,,20,myrmidon capy,?
경상북도 영덕(hae maji),titans,"36.424485,129.435205",,,21,project,?
경상북도 영덕(hae maji),titans,"36.424485,129.435205",,,22,misty srack mechanics,?
경상북도 영덕(hae maji),titans,"36.424485,129.435205",,,23,right skipper,6a
경상북도 영덕(hae maji),titans,"36.424485,129.435205",,,24,finger clan,6a
경상북도 영덕(hae maji),titans,"36.424485,129.435205",,,25,sea v3,6a+
경상북도 영덕(hae maji),titans,"36.424485,129.435205",,,26,tamir rice,7a+
경상북도 영덕(hae maji),trail side,"36.424485,129.435205",,,1,cell line,3
경상북도 영덕(hae maji),trail side,"36.424485,129.435205",,,2,thermoshade,6b+
경상북도 영덕(hae maji),trail side,"36.424485,129.435205",,,3,cell line,6c+
경상북도 영덕(hae maji),the power bloc,"36.424485,129.435205",,,1,mantler,6c+
경상북도 옥계리,over view,"36.320195,129.266533",,,1,unknown,5
경상북도 옥계리,over view,"36.320195,129.266533",,,2,unknown (baby arete),5
경상북도 옥계리,over view,"36.320195,129.266533",,,3,t's arete,6a
경상북도 옥계리,over view,"36.320195,129.266533",,,4,aegyo(애지요),6a+
경상북도 옥계리,over view,"36.320195,129.266533",,,5,unknown-mega1,6a+
경상북도 옥계리,over view,"36.320195,129.266533",,,6,morning magic,"sit, 6b+"
경상북도 옥계리,over view,"36.320195,129.266533",,,7,early bird,6c+
경상북도 옥계리,over view,"36.320195,129.266533",,,8,doom blade,"sit, 7a+"
경상북도 옥계리,over view,"36.320195,129.266533",,,9,triple x,"sit, 7b"
경상북도 옥계리,over view,"36.320195,129.266533",,,10,pit fighter,7b+
경상북도 옥계리,over view,"36.320195,129.266533",,,11,unknown,?
경상북도 옥계리,over view,"36.320195,129.266533",,,12,unknown,?
경상북도 옥계리,over view,"36.320195,129.266533",,,13,unknown,?
경상북도 옥계리,over view,"36.320195,129.266533",,,14,unknown,?
경상북도 옥계리,over view,"36.320195,129.266533",,,15,unknown,?
경상북도 옥계리,over view,"36.320195,129.266533",,,16,unknown,?
경상북도 옥계리,over view,"36.320195,129.266533",,,17,unknown,?
경상북도 옥계리,over view,"36.320195,129.266533",,,18,unknown,?
경상북도 옥계리,over view,"36.320195,129.266533",,,19,unknown-mega2,?
경상북도 옥계리,over view,"36.320195,129.266533",,,20,unknown-mega3,?
경상북도 옥계리,over view,"36.320195,129.266533",,,21,unknown,?
경상북도 옥계리,over view,"36.320195,129.266533",,,22,unknown,?
경상북도 옥계리,over view,"36.320195,129.266533",,,23,unknown,?
경상북도 옥계리,over view,"36.320195,129.266533",,,24,unknown,?
경상북도 옥계리,over view,"36.320195,129.266533",,,25,unknown,?
경상북도 옥계리,over view,"36.320195,129.266533",,,26,unknown,?
경상북도 옥계리,over view,"36.320195,129.266533",,,27,unknown,?
경상북도 옥계리,over view,"36.320195,129.266533",,,28,unknown,?
경상북도 옥계리,over view,"36.320195,129.266533",,,29,unknown,?
경상북도 옥계리,over view,"36.320195,129.266533",,,30,unknown,?
경상북도 옥계리,over view,"36.320195,129.266533",,,31,unknown,?
경상북도 옥계리,over view,"36.320195,129.266533",,,32,unknown,?
경상북도 옥계리,over view,"36.320195,129.266533",,,33,unknown,?
경상북도 옥계리,over view,"36.320195,129.266533",,,34,unknown,?
경상북도 옥계리,over view,"36.320195,129.266533",,,35,unknown,?
경상북도 옥계리,obong,"36.320195,129.266533",,,1,unknown,3
경상북도 옥계리,obong,"36.320195,129.266533",,,2,project,3
경상북도 옥계리,obong,"36.320195,129.266533",,,3,dragon eye,5
경상북도 옥계리,obong,"36.320195,129.266533",,,4,dragonwing,"traverse,right, 6a+"
경상북도 옥계리,obong,"36.320195,129.266533",,,5,mandragon,6b
경상북도 옥계리,obong,"36.320195,129.266533",,,6,unknown,?
경상북도 옥계리,obong,"36.320195,129.266533",,,7,unknown,?
경상북도 옥계리,obong,"36.320195,129.266533",,,8,dragonwing,"traverse,left, ?"
경상북도 옥계리,obong,"36.320195,129.266533",,,9,unknown(toenail of dragon),?
경상북도 옥계리,obong,"36.320195,129.266533",,,10,unknown(tail of dragon),?
경상북도 옥계리,obong,"36.320195,129.266533",,,11,project,3
경상북도 팔공산 (염불암),green,"36.002139,128.704190",,,1,춘몽,6a
경상북도 팔공산 (염불암),green,"36.002139,128.704190",,,2,풀빛사랑,6c
경상북도 팔공산 (염불암),number309,"36.002139,128.704190",,,1,number309,6a+
경상북도 팔공산 (염불암),number309,"36.002139,128.704190",,,2,number147,6b+
경상남도 모산재,sector b,"35.474424,128.002439",,,1,inner child,3
경상남도 모산재,sector b,"35.474424,128.002439",,,2,실뱀,3
경상남도 모산재,sector b,"35.474424,128.002439",,,3,outback traverse,3
경상남도 모산재,sector b,"35.474424,128.002439",,,4,샛길,3
경상남도 모산재,sector b,"35.474424,128.002439",,,5,혹부리 영감,3
경상남도 모산재,sector b,"35.474424,128.002439",,,6,sense and sensibility,3
경상남도 모산재,sector b,"35.474424,128.002439",,,7,한수,3+
경상남도 모산재,sector b,"35.474424,128.002439",,,8,sense and sensibility,"left, 3+"
경상남도 모산재,sector b,"35.474424,128.002439",,,9,번대기,4
경상남도 모산재,sector b,"35.474424,128.002439",,,10,까투리,4
경상남도 모산재,sector b,"35.474424,128.002439",,,11,장기,5
경상남도 모산재,sector b,"35.474424,128.002439",,,12,별을 향해쏴라,"left, 5"
경상남도 모산재,sector b,"35.474424,128.002439",,,13,별을 향해 쏴라,"right, 5"
경상남도 모산재,sector b,"35.474424,128.002439",,,14,혹성탈출,5
경상남도 모산재,sector b,"35.474424,128.002439",,,15,누룩덤,6a
경상남도 모산재,sector b,"35.474424,128.002439",,,16,brave heart,6a
경상남도 모산재,sector b,"35.474424,128.002439",,,17,헛물,6a
경상남도 모산재,sector b,"35.474424,128.002439",,,18,sm entertainmet,6a
경상남도 모산재,sector b,"35.474424,128.002439",,,19,상실의 시대,6a
경상남도 모산재,sector b,"35.474424,128.002439",,,20,대가야,6a+
경상남도 모산재,sector b,"35.474424,128.002439",,,21,점입가경,6a+
경상남도 모산재,sector b,"35.474424,128.002439",,,22,anomic suicide,6a+
경상남도 모산재,sector b,"35.474424,128.002439",,,23,헛물,"extintion, 6a+"
경상남도 모산재,sector b,"35.474424,128.002439",,,24,theseus,6b+
경상남도 모산재,sector b,"35.474424,128.002439",,,25,no joke,6b+
경상남도 모산재,sector b,"35.474424,128.002439",,,26,점입가경,"dit, 6b+"
경상남도 모산재,sector b,"35.474424,128.002439",,,27,다라국,6c
경상남도 모산재,sector b,"35.474424,128.002439",,,28,두손가락,6c+
경상남도 모산재,sector b,"35.474424,128.002439",,,29,열반,6c+
경상남도 모산재,sector b,"35.474424,128.002439",,,30,six sense,6c+
경상남도 모산재,sector b,"35.474424,128.002439",,,31,ambivalence,6c+
경상남도 모산재,sector b,"35.474424,128.002439",,,32,guard of tree,7a+
경상남도 모산재,sector b,"35.474424,128.002439",,,33,쇠마루,7a+
경상남도 모산재,sector b,"35.474424,128.002439",,,34,사필귀정,7b
경상남도 모산재,sector b,"35.474424,128.002439",,,35,reverence,?
경상남도 모산재,sector b,"35.474424,128.002439",,,36,all killer no filler,?
경상남도 모산재,sector a,"35.474424,128.002439",,,1,바우,3
경상남도 모산재,sector a,"35.474424,128.002439",,,2,새내기2,3
경상남도 모산재,sector a,"35.474424,128.002439",,,3,새내기3,3
경상남도 모산재,sector a,"35.474424,128.002439",,,4,새내기1,4
경상남도 모산재,sector a,"35.474424,128.002439",,,5,새내기4,4
경상남도 모산재,sector a,"35.474424,128.002439",,,6,해리포터,4
경상남도 모산재,sector a,"35.474424,128.002439",,,7,활명수,4+
경상남도 모산재,sector a,"35.474424,128.002439",,,8,황의 귀환,5
경상남도 모산재,sector a,"35.474424,128.002439",,,9,remember,5
경상남도 모산재,sector a,"35.474424,128.002439",,,10,처음처럼,6a
경상남도 모산재,sector a,"35.474424,128.002439",,,11,흑등고래,6a
경상남도 모산재,sector a,"35.474424,128.002439",,,12,super man,6a
경상남도 모산재,sector a,"35.474424,128.002439",,,13,산울림,6a+
경상남도 모산재,sector a,"35.474424,128.002439",,,14,wonder woman,6a+
경상남도 모산재,sector a,"35.474424,128.002439",,,15,bat man,6a+
경상남도 모산재,sector a,"35.474424,128.002439",,,16,탄생,6a+
경상남도 모산재,sector a,"35.474424,128.002439",,,17,매뚜기,6b+
경상남도 모산재,sector a,"35.474424,128.002439",,,18,모비딕,6b+
경상남도 모산재,sector a,"35.474424,128.002439",,,19,사람 인,6b+
경상남도 모산재,sector a,"35.474424,128.002439",,,20,길섶,6b+
경상남도 모산재,sector a,"35.474424,128.002439",,,21,super surfer,6c+
경상남도 모산재,sector a,"35.474424,128.002439",,,22,비목,7a+
경상남도 모산재,sector a,"35.474424,128.002439",,,23,모산재,7a+
경상남도 모산재,sector a,"35.474424,128.002439",,,24,wonder boy,7b
경상남도 모산재,sector a,"35.474424,128.002439",,,25,새내기3,3
경상남도 금성산,색즉시공,"35.514017,128.040063",,,1,sunny slab3,3
경상남도 금성산,색즉시공,"35.514017,128.040063",,,2,sunny slab2,4
경상남도 금성산,색즉시공,"35.514017,128.040063",,,3,sunny slab5,4
경상남도 금성산,색즉시공,"35.514017,128.040063",,,4,sunny slab1,5
경상남도 금성산,색즉시공,"35.514017,128.040063",,,5,sunny slab4,5
경상남도 금성산,색즉시공,"35.514017,128.040063",,,6,hiyashi rice,5
경상남도 금성산,색즉시공,"35.514017,128.040063",,,7,sunny slab6,6a
경상남도 금성산,색즉시공,"35.514017,128.040063",,,8,색즉시공,6c+
경상남도 금성산,색즉시공,"35.514017,128.040063",,,9,공즉시색,?
경상남도 금성산,아리따운,"35.514017,128.040063",,,1,아사,4
경상남도 금성산,아리따운,"35.514017,128.040063",,,2,까치리,6a
경상남도 금성산,아리따운,"35.514017,128.040063",,,3,아사,"sit, 6b+"
경상남도 금성산,아리따운,"35.514017,128.040063",,,4,아리따운,"sit, ?"
경상남도 금성산,아리따운,"35.514017,128.040063",,,5,아리따운,?
경상남도 금성산,wild bee,"35.514017,128.040063",,,1,wild bee,5
경상남도 금성산,wild bee,"35.514017,128.040063",,,2,wild flower,5
경상남도 금성산,wild bee,"35.514017,128.040063",,,3,wild flower,"sit, 6a"
경상남도 금성산,wild bee,"35.514017,128.040063",,,4,wild bee,"sit, 6b+"
경상남도 금성산,사노라면,"35.514017,128.040063",,,1,사노라면,6a
경상남도 금성산,사노라면,"35.514017,128.040063",,,2,사노라면,"left dyno, 6a+"
경상남도 금성산,사노라면,"35.514017,128.040063",,,3,사노라면,"right dyno, 7a+"
경상남도 금성산,oblivion,"35.514017,128.040063",,,1,그냥 한번,4
경상남도 금성산,oblivion,"35.514017,128.040063",,,2,마른장작,4
경상남도 금성산,oblivion,"35.514017,128.040063",,,3,just mantle,5
경상남도 금성산,oblivion,"35.514017,128.040063",,,4,마른장작,"right, 5"
경상남도 금성산,oblivion,"35.514017,128.040063",,,5,oblivion,6a+
경상남도 금성산,oblivion,"35.514017,128.040063",,,6,oblivoion,"sit, ?"
경상남도 금성산,위로의 벽,"35.514017,128.040063",,,1,위로의벽,6a+
경상남도 금성산,월광 소나타,"35.514017,128.040063",,,1,월광 소나타,7a+
경상남도 금성산,월광 소나타,"35.514017,128.040063",,,2,월광 소나타,"low, ?"
경상남도 금성산,깡통-찔레꽃,"35.514017,128.040063",,,1,질레꽃 필적에,5
경상남도 금성산,깡통-찔레꽃,"35.514017,128.040063",,,2,깡통,6a
경상남도 금성산,깡통-찔레꽃,"35.514017,128.040063",,,3,나쁜 바위는 없다,6b+
경상남도 금성산,깡통-찔레꽃,"35.514017,128.040063",,,4,퐁퐁,6b+
경상남도 금성산,깡통-찔레꽃,"35.514017,128.040063",,,5,nonsense,7a+
경상남도 금성산,깡통-찔레꽃,"35.514017,128.040063",,,6,nonsense,"low, ?"
경상남도 금성산,새날,"35.514017,128.040063",,,1,좋은날,3
경상남도 금성산,새날,"35.514017,128.040063",,,2,새날,"direct, 6a+"
경상남도 금성산,새날,"35.514017,128.040063",,,3,새날,6b+
경상남도 금성산,새날,"35.514017,128.040063",,,4,새날 crack,6c+
경상남도 상성폭포,고인물,"35.702194,128.488823",,,1,고인물,5+
경상남도 상성폭포,고인물,"35.702194,128.488823",,,2,구정물,6a+
경상남도 상성폭포,고인물,"35.702194,128.488823",,,3,고인물 extension,6b+
경상남도 상성폭포,승리호,"35.702194,128.488823",,,1,꽃님이,5
경상남도 상성폭포,승리호,"35.702194,128.488823",,,2,도로시,5
경상남도 상성폭포,승리호,"35.702194,128.488823",,,3,승리호 direct,6c
경상남도 상성폭포,승리호,"35.702194,128.488823",,,4,승리호,6b+
경상남도 상성폭포,승리호,"35.702194,128.488823",,,5,승리호 reverse,6b+
경상남도 상성폭포,4dead,"35.702194,128.488823",,,1,탑아웃v2,5
경상남도 상성폭포,4dead,"35.702194,128.488823",,,2,깜빡,5+
경상남도 상성폭포,4dead,"35.702194,128.488823",,,3,4dead,6a
경상남도 상성폭포,4dead,"35.702194,128.488823",,,4,3580,6a
경상남도 상성폭포,4dead,"35.702194,128.488823",,,5,어케했누,6a+
경상남도 상성폭포,4dead,"35.702194,128.488823",,,6,left 4 dead,?
경상남도 상성폭포,4dead,"35.702194,128.488823",,,7,머선일이고,?
경상남도 상성폭포,4dead,"35.702194,128.488823",,,8,right 4 dead,?
경상남도 상성폭포,백옥,"35.702194,128.488823",,,1,백옥,5
경상남도 상성폭포,백옥,"35.702194,128.488823",,,2,hug,6a
경상남도 청도 (신원골),overview,"35.657453,129.013696",,,1,no name,3
경상남도 청도 (신원골),overview,"35.657453,129.013696",,,2,warm up arete,4
경상남도 청도 (신원골),overview,"35.657453,129.013696",,,3,baklava,4
경상남도 청도 (신원골),overview,"35.657453,129.013696",,,4,left/right,5
경상남도 청도 (신원골),overview,"35.657453,129.013696",,,5,no name (crack traverse),6a
경상남도 청도 (신원골),overview,"35.657453,129.013696",,,6,hush hush,6a
경상남도 청도 (신원골),overview,"35.657453,129.013696",,,7,matt's dyno,6a+
경상남도 청도 (신원골),overview,"35.657453,129.013696",,,8,super sofa,"standing, 6a+"
경상남도 청도 (신원골),overview,"35.657453,129.013696",,,9,off the table,"nr.1,6b+"
경상남도 청도 (신원골),overview,"35.657453,129.013696",,,10,2016,6b+
경상남도 청도 (신원골),overview,"35.657453,129.013696",,,11,beta smuggler,6b+
경상남도 청도 (신원골),overview,"35.657453,129.013696",,,12,big dragon,6c
경상남도 청도 (신원골),overview,"35.657453,129.013696",,,13,off the table,"ng.4, 6c+"
경상남도 청도 (신원골),overview,"35.657453,129.013696",,,14,alpha go,6c+
경상남도 청도 (신원골),overview,"35.657453,129.013696",,,15,annual statement,7a
경상남도 청도 (신원골),overview,"35.657453,129.013696",,,16,세대공감,7a
경상남도 청도 (신원골),overview,"35.657453,129.013696",,,17,off the table,"nr.2, 7a"
경상남도 청도 (신원골),overview,"35.657453,129.013696",,,18,bb8,7a+
경상남도 청도 (신원골),overview,"35.657453,129.013696",,,19,happy day,7b
경상남도 청도 (신원골),overview,"35.657453,129.013696",,,20,free wiilly,7b+
경상남도 청도 (신원골),overview,"35.657453,129.013696",,,21,project,?
경상남도 청도 (신원골),overview,"35.657453,129.013696",,,22,schmugler,6a+
경상남도 (홍류폭포),애송이,"35.556844,129.066224",,,1,애송이,4
경상남도 (홍류폭포),avant garde,"35.556844,129.066224",,,1,geen peace,"left, 3"
경상남도 (홍류폭포),avant garde,"35.556844,129.066224",,,2,embrace,4
경상남도 (홍류폭포),avant garde,"35.556844,129.066224",,,3,blue shark,4
경상남도 (홍류폭포),avant garde,"35.556844,129.066224",,,4,뽀송뽀송,5
경상남도 (홍류폭포),avant garde,"35.556844,129.066224",,,5,avant garde,"direct, 6a"
경상남도 (홍류폭포),avant garde,"35.556844,129.066224",,,6,green peace,6b+
경상남도 (홍류폭포),avant garde,"35.556844,129.066224",,,7,avant-garde,6c
경상남도 (홍류폭포),auf reisen,"35.556844,129.066224",,,1,misty eye,"sit, 6a+"
경상남도 (홍류폭포),auf reisen,"35.556844,129.066224",,,2,auf reisen,"easy, 6b+"
경상남도 (홍류폭포),auf reisen,"35.556844,129.066224",,,3,auf reisen,7b+
경상남도 (홍류폭포),홍류,"35.556844,129.066224",,,1,야불,4
경상남도 (홍류폭포),홍류,"35.556844,129.066224",,,2,야불,"lift, 4"
경상남도 (홍류폭포),홍류,"35.556844,129.066224",,,3,풍류,5
경상남도 (홍류폭포),홍류,"35.556844,129.066224",,,4,홍류,6b+
경상남도 (홍류폭포),홍류,"35.556844,129.066224",,,5,project,?
경상남도 (천태사 계곡),over view,"35.398251,128.895621",,,1,black tube,6c
경상남도 (천태사 계곡),over view,"35.398251,128.895621",,,2,honey moon,7b+
경상남도 (천태사 계곡),over view,"35.398251,128.895621",,,3,honey bunny,7c+
경상남도 (구만산 계곡),기파랑,"35.604288,128.873397",,,1,기파랑,4
경상남도 (구만산 계곡),기파랑,"35.604288,128.873397",,,2,사다함,6a+
경상남도 (구만산 계곡),기파랑,"35.604288,128.873397",,,3,사다함,"right, ?"
경상남도 (구만산 계곡),apple juice,"35.604288,128.873397",,,1,summer flower allergy,6a+
경상남도 (구만산 계곡),apple juice,"35.604288,128.873397",,,2,apple juice,6a+
경상남도 (구만산 계곡),propofol,"35.604288,128.873397",,,1,over watch,6a
경상남도 (구만산 계곡),propofol,"35.604288,128.873397",,,2,symmetera,6b
경상남도 (구만산 계곡),propofol,"35.604288,128.873397",,,3,pepublic of propofol,6b+
경상남도 (구만산 계곡),ufo,"35.604288,128.873397",,,1,ufo,"right, 3"
경상남도 (구만산 계곡),ufo,"35.604288,128.873397",,,2,ufo,"left, ?"
경상남도 (구만산 계곡),megatron,"35.604288,128.873397",,,1,autobot,3
경상남도 (구만산 계곡),megatron,"35.604288,128.873397",,,2,rockdown,5
경상남도 (구만산 계곡),megatron,"35.604288,128.873397",,,3,decepticon,6a
경상남도 (구만산 계곡),megatron,"35.604288,128.873397",,,4,megatron,6a+
경상남도 (구만산 계곡),megatron,"35.604288,128.873397",,,5,tony's arete,6b+
경상남도 (구만산 계곡),megatron,"35.604288,128.873397",,,6,centinal prime,?
경상남도 (구만산 계곡),megatron,"35.604288,128.873397",,,7,centinal prime,"strait, ?"
경상남도 (구만산 계곡),megatron,"35.604288,128.873397",,,8,black meteoroid1,?
경상남도 (구만산 계곡),megatron,"35.604288,128.873397",,,9,black meteoroid2,?
경상남도 (구만산 계곡),megatron,"35.604288,128.873397",,,10,black meteoroid3,?
경상남도 (구만산 계곡),think bob,"35.604288,128.873397",,,1,think bob,7a+
경상남도 (구만산 계곡),북새바람,"35.604288,128.873397",,,1,북새바람,6a
경상남도 (구만산 계곡),suntan,"35.604288,128.873397",,,1,unknown,5
경상남도 (구만산 계곡),suntan,"35.604288,128.873397",,,2,sun tan,6a
경상남도 (구만산 계곡),구만산 펜션,"35.604288,128.873397",,,1,구만산 펜션,?
경상남도 (구만산 계곡),누구나 가는길,"35.604288,128.873397",,,1,누구나 가느닐2,3
경상남도 (구만산 계곡),누구나 가는길,"35.604288,128.873397",,,2,누구나 가느닐3,3
경상남도 (구만산 계곡),누구나 가는길,"35.604288,128.873397",,,3,누구나 가느닐1,?
경상남도 (구만산 계곡),누구나 가는길,"35.604288,128.873397",,,4,iron powder,?
경상남도 (구만산 계곡),white butt,"35.604288,128.873397",,,1,white butt,4
경상남도 (구만산 계곡),cannon ball,"35.604288,128.873397",,,1,대포한잔,3
경상남도 (구만산 계곡),cannon ball,"35.604288,128.873397",,,2,the juggler,5+
경상남도 (구만산 계곡),cannon ball,"35.604288,128.873397",,,3,human cannon ball,6b
경상남도 (구만산 계곡),cannon ball,"35.604288,128.873397",,,4,peanut gallery,6c
경상남도 (구만산 계곡),cannon ball,"35.604288,128.873397",,,5,fear to guts,6c
경상남도 (구만산 계곡),candle,"35.604288,128.873397",,,1,shadow of candle,4
경상남도 (구만산 계곡),바보야?,"35.604288,128.873397",,,1,bonte(v1),5
경상남도 (구만산 계곡),바보야?,"35.604288,128.873397",,,2,바보야,6a
경상남도 (구만산 계곡),바보야?,"35.604288,128.873397",,,3,나무야,6a
경상남도 (구만산 계곡),바보야?,"35.604288,128.873397",,,4,big brow,"direct, 6a"
경상남도 (구만산 계곡),바보야?,"35.604288,128.873397",,,5,egg scramble,6b+
경상남도 (구만산 계곡),바보야?,"35.604288,128.873397",,,6,big brow,6c+
경상남도 (구만산 계곡),바보야?,"35.604288,128.873397",,,7,멍텅구리,7a+
경상남도 (구만산 계곡),바보야?,"35.604288,128.873397",,,8,멍텅구리,"low, 7b"
경상남도 (구만산 계곡),delilah,"35.604288,128.873397",,,1,해님,3
경상남도 (구만산 계곡),delilah,"35.604288,128.873397",,,2,asylon,5
경상남도 (구만산 계곡),delilah,"35.604288,128.873397",,,3,샴페인,6a+
경상남도 (구만산 계곡),delilah,"35.604288,128.873397",,,4,샴페인 treverse,6b+
경상남도 (구만산 계곡),delilah,"35.604288,128.873397",,,5,delilah,6v+
경상남도 (구만산 계곡),skull buster,"35.604288,128.873397",,,1,ghost buster,6b
경상남도 (구만산 계곡),skull buster,"35.604288,128.873397",,,2,empire of ice,6b+
경상남도 (구만산 계곡),skull buster,"35.604288,128.873397",,,3,pain  cake,6c+
경상남도 (구만산 계곡),skull buster,"35.604288,128.873397",,,4,humble pie,7a+
경상남도 (구만산 계곡),skull buster,"35.604288,128.873397",,,5,바야흐로,7a+
경상남도 (구만산 계곡),skull buster,"35.604288,128.873397",,,6,pain cake,"low, 7b+"
경상남도 (구만산 계곡),skull buster,"35.604288,128.873397",,,7,skull burster,7c+
경상남도 (구만산 계곡),skull buster,"35.604288,128.873397",,,8,skull burster direct,7c+
경상남도 (구만산 계곡),skull buster,"35.604288,128.873397",,,9,pain cake,"sit,traverse, 7v+"
경상남도 (구만산 계곡),skull buster,"35.604288,128.873397",,,10,humble pie low,?
경상남도 (구만산 계곡),큰누에,"35.604288,128.873397",,,1,큰누에,6a+
경상남도 (구만산 계곡),큰누에,"35.604288,128.873397",,,2,큰누에,"low, 6c+"
경상남도 (구만산 계곡),j에게,"35.604288,128.873397",,,1,to j-sit,5
경상남도 (구만산 계곡),j에게,"35.604288,128.873397",,,2,j에게,"dyno, 6a+"
경상남도 (구만산 계곡),어리버리,"35.604288,128.873397",,,1,어리버리,4
경상남도 (구만산 계곡),어리버리,"35.604288,128.873397",,,2,어리버리,"right, 6a+"
경상남도 (구만산 계곡),어리버리,"35.604288,128.873397",,,3,white out,?
경상남도 (구만산 계곡),star treck,"35.604288,128.873397",,,1,star treck,?
경상남도 (구만산 계곡),mantis,"35.604288,128.873397",,,1,mantis,"sts, 6a+"
경상남도 (구만산 계곡),mantis,"35.604288,128.873397",,,2,mantis,6c+
경상남도 (구만산 계곡),mantis,"35.604288,128.873397",,,3,subtle interplay,7b
경상남도 (구만산 계곡),orange traerse,"35.604288,128.873397",,,1,orange traverse,6b+
경상남도 (구만산 계곡),orange traerse,"35.604288,128.873397",,,2,eternal sunshine,6c+
경상남도 (구만산 계곡),orange traerse,"35.604288,128.873397",,,3,orange traverse,"low, 7a+"
경상남도 (구만산 계곡),rampage-black panther,"35.604288,128.873397",,,1,rampage,"direct, 3"
경상남도 (구만산 계곡),rampage-black panther,"35.604288,128.873397",,,2,black panther(흑표범),7a+
경상남도 (구만산 계곡),백세,"35.604288,128.873397",,,1,buddhist mantra,6c+
경상남도 (구만산 계곡),백세,"35.604288,128.873397",,,2,오샙세,7b
경상남도 (구만산 계곡),백세,"35.604288,128.873397",,,3,백세,7c+
경상남도 (구만산 계곡),waterdivine,"35.604288,128.873397",,,1,waterdivine,6a
경상남도 (구만산 계곡),날개,"35.604288,128.873397",,,1,wing,6a
경상남도 (구만산 계곡),날개,"35.604288,128.873397",,,2,big wing,6b+
경상남도 (구만산 계곡),불고기-cool running,"35.604288,128.873397",,,1,happy leggae,5
경상남도 (구만산 계곡),불고기-cool running,"35.604288,128.873397",,,2,happy leggae,"right, 6a"
경상남도 (구만산 계곡),불고기-cool running,"35.604288,128.873397",,,3,cool running,6b+
경상남도 (구만산 계곡),불고기-cool running,"35.604288,128.873397",,,4,bulgogi,"left, 7b"
경상남도 (구만산 계곡),불고기-cool running,"35.604288,128.873397",,,5,bulgogi traverse,7b+
경상남도 (구만산 계곡),불고기-cool running,"35.604288,128.873397",,,6,bulgogi,8a
경상남도 (구만산 계곡),boss eyed,"35.604288,128.873397",,,1,boss-eyed,6b+
경상남도 (구만산 계곡),papillar,"35.604288,128.873397",,,1,이 편한 트레버스,3
경상남도 (구만산 계곡),papillar,"35.604288,128.873397",,,2,그늘,4
경상남도 (구만산 계곡),papillar,"35.604288,128.873397",,,3,그늘,"right, 4"
경상남도 (구만산 계곡),papillar,"35.604288,128.873397",,,4,apophis,5
경상남도 (구만산 계곡),papillar,"35.604288,128.873397",,,5,helios,6a
경상남도 (구만산 계곡),papillar,"35.604288,128.873397",,,6,papillar-sit,6a+
경상남도 (구만산 계곡),kin folk,"35.604288,128.873397",,,1,쟈갈(jagal),6b+
경상남도 (구만산 계곡),kin folk,"35.604288,128.873397",,,2,kinfolk,"left, 6c+"
경상남도 (구만산 계곡),kin folk,"35.604288,128.873397",,,3,kinfolk,7a+
경상남도 (구만산 계곡),kin folk,"35.604288,128.873397",,,4,부활 킨포크,7b
경상남도 (구만산 계곡),무당/maximus,"35.604288,128.873397",,,1,부채,4
경상남도 (구만산 계곡),무당/maximus,"35.604288,128.873397",,,2,방울,6a
경상남도 (구만산 계곡),무당/maximus,"35.604288,128.873397",,,3,부채,"left, 6a"
경상남도 (구만산 계곡),무당/maximus,"35.604288,128.873397",,,4,big prow,6a+
경상남도 (구만산 계곡),무당/maximus,"35.604288,128.873397",,,5,부채left,"extention, 6a+"
경상남도 (구만산 계곡),무당/maximus,"35.604288,128.873397",,,6,아지랑이 동산,"left,sts,6a+"
경상남도 (구만산 계곡),무당/maximus,"35.604288,128.873397",,,7,방울,"direct, 6b+"
경상남도 (구만산 계곡),무당/maximus,"35.604288,128.873397",,,8,마고,6b+
경상남도 (구만산 계곡),무당/maximus,"35.604288,128.873397",,,9,마리아,6b+
경상남도 (구만산 계곡),무당/maximus,"35.604288,128.873397",,,10,아지랭이 동산,6b+
경상남도 (구만산 계곡),무당/maximus,"35.604288,128.873397",,,11,아지랑이 동산,"left, 7a+"
경상남도 (구만산 계곡),무당/maximus,"35.604288,128.873397",,,12,circus maximus,7b
경상남도 (구만산 계곡),무당/maximus,"35.604288,128.873397",,,13,무당,7b
경상남도 (구만산 계곡),무당/maximus,"35.604288,128.873397",,,14,born fragile,?
경상남도 (구만산 계곡),강리영 travese,"35.604288,128.873397",,,1,강리영 tracese,?
경상남도 (구만산 계곡),tbone,"35.604288,128.873397",,,1,tbone,6b+
경상남도 (구만산 계곡),number4,"35.604288,128.873397",,,1,number 4,6a
경상남도 (구만산 계곡),number4,"35.604288,128.873397",,,2,man ftom mars,6b+
경상남도 (구만산 계곡),marcus boulder,"35.604288,128.873397",,,1,it,5
경상남도 (구만산 계곡),marcus boulder,"35.604288,128.873397",,,2,marcus arete,6a
경상남도 (구만산 계곡),marcus boulder,"35.604288,128.873397",,,3,black matter,6a
경상남도 (구만산 계곡),marcus boulder,"35.604288,128.873397",,,4,회색 지대,6a
경상남도 (구만산 계곡),marcus boulder,"35.604288,128.873397",,,5,marcus arete variation,6a+
경상남도 (구만산 계곡),marcus boulder,"35.604288,128.873397",,,6,matecore,6b+
경상남도 (구만산 계곡),marcus boulder,"35.604288,128.873397",,,7,dai's traverse,6c+
경상남도 (구만산 계곡),marcus boulder,"35.604288,128.873397",,,8,marcus roof,6c+
경상남도 (구만산 계곡),marcus boulder,"35.604288,128.873397",,,9,matecore,"dyno, 7a+"
경상남도 (구만산 계곡),marcus boulder,"35.604288,128.873397",,,10,black matter,"right, 7b"
경상남도 (구만산 계곡),marcus boulder,"35.604288,128.873397",,,11,black matter,"dyno, ?"
경상남도 (구만산 계곡),땅콩카라멜,"35.604288,128.873397",,,1,땅콩카라멜,6a
경상남도 (구만산 계곡),사하라,"35.604288,128.873397",,,1,사하라,"standing, 6b+"
경상남도 (구만산 계곡),사하라,"35.604288,128.873397",,,2,사하라,6c+
경상남도 (구만산 계곡),south africa,"35.604288,128.873397",,,1,south atrica,5
경상남도 (구만산 계곡),south africa,"35.604288,128.873397",,,2,물가 슬랩,?
경상남도 (구만산 계곡),cheesy slab,"35.604288,128.873397",,,1,sheesy slab,5
경상남도 (구만산 계곡),cheesy slab,"35.604288,128.873397",,,2,cheesy slab,"sit, 7a+"
경상남도 (구만산 계곡),cheesy slab,"35.604288,128.873397",,,3,살라미,?
경상남도 (구만산 계곡),modern boy,"35.604288,128.873397",,,1,over the cream,6b+
경상남도 (구만산 계곡),modern boy,"35.604288,128.873397",,,2,modem boy,7b
경상남도 (구만산 계곡),hawaiian host,"35.604288,128.873397",,,1,hawaiian host,6a
경상남도 (구만산 계곡),hawaiian host,"35.604288,128.873397",,,2,hawaiian kona,?
경상남도 (구만산 계곡),엄동설한,"35.604288,128.873397",,,1,삼한사온,5
경상남도 (구만산 계곡),엄동설한,"35.604288,128.873397",,,2,동장군,6c+
경상남도 (구만산 계곡),엄동설한,"35.604288,128.873397",,,3,엄동설한,7b
경상남도 (구만산 계곡),platform,"35.604288,128.873397",,,1,따뜻한 슬랩,3
경상남도 (구만산 계곡),platform,"35.604288,128.873397",,,2,지긋지긋,5
경상남도 (구만산 계곡),platform,"35.604288,128.873397",,,3,양파,6a+
경상남도 (구만산 계곡),platform,"35.604288,128.873397",,,4,지수의 설날,6a+
경상남도 (구만산 계곡),platform,"35.604288,128.873397",,,5,platform,7b+
경상남도 (구만산 계곡),탱자,"35.604288,128.873397",,,1,orange,4
경상남도 (구만산 계곡),탱자,"35.604288,128.873397",,,2,탱자,5
경상남도 (구만산 계곡),manutrition man,"35.604288,128.873397",,,1,산수유 필적에,3
경상남도 (구만산 계곡),manutrition man,"35.604288,128.873397",,,2,malnutrition man,6b+
경상남도 (구만산 계곡),날벽락,"35.604288,128.873397",,,1,햇살가득,4
경상남도 (구만산 계곡),날벽락,"35.604288,128.873397",,,2,날벼락,5
경상남도 (구만산 계곡),날벽락,"35.604288,128.873397",,,3,kong,6a+
경상남도 (구만산 계곡),천장지구,"35.604288,128.873397",,,1,천장지구 rraverse,6a
경상남도 (구만산 계곡),천장지구,"35.604288,128.873397",,,2,천장지구,7b
경상남도 (구만산 계곡),천장지구,"35.604288,128.873397",,,3,천장지구,"sit, 7b+"
경상남도 (구만산 계곡),천장지구,"35.604288,128.873397",,,4,천장지구,"direct, ?"
경상남도 (구만산 계곡),두꺼비,"35.604288,128.873397",,,1,두꺼비,5
경상남도 (구만산 계곡),두꺼비,"35.604288,128.873397",,,2,kaiser,?
경상남도 (구만산 계곡),hunter plus,"35.604288,128.873397",,,1,동짓날,6a
경상남도 (구만산 계곡),hunter plus,"35.604288,128.873397",,,2,동짓날 sit,6c+
경상남도 (구만산 계곡),hunter plus,"35.604288,128.873397",,,3,hunter plus,7b
경상남도 (구만산 계곡),phantom,"35.604288,128.873397",,,1,phantom horseman,6a+
경상남도 (구만산 계곡),phantom,"35.604288,128.873397",,,2,phantom,7a+
경상남도 (구만산 계곡),phantom,"35.604288,128.873397",,,3,phantom menace,?
경상남도 (구만산 계곡),hotspur,"35.604288,128.873397",,,1,black arete,4
경상남도 (구만산 계곡),hotspur,"35.604288,128.873397",,,2,젊은의 양지,4
경상남도 (구만산 계곡),hotspur,"35.604288,128.873397",,,3,느즈마기,6a+
경상남도 (구만산 계곡),hotspur,"35.604288,128.873397",,,4,느즈마기,"right, 6b"
경상남도 (구만산 계곡),hotspur,"35.604288,128.873397",,,5,hotspur,6c+
경상남도 (구만산 계곡),hotspur,"35.604288,128.873397",,,6,coin pocket,?
경상남도 (구만산 계곡),hotspur,"35.604288,128.873397",,,7,냄비근성,?
경상남도 (구만산 계곡),hotspur,"35.604288,128.873397",,,8,애간장,?
경상남도 (구만산 계곡),hotspur,"35.604288,128.873397",,,9,애간장,"right, ?"
경상남도 (구만산 계곡),2pm,"35.604288,128.873397",,,1,2pm,4
경상남도 (구만산 계곡),2pm,"35.604288,128.873397",,,2,organic slope,6a+
경상남도 (구만산 계곡),누치코치,"35.604288,128.873397",,,1,흐린날,6a
경상남도 (구만산 계곡),누치코치,"35.604288,128.873397",,,2,흐린날2,6a
경상남도 (구만산 계곡),누치코치,"35.604288,128.873397",,,3,눈치,6a+
경상남도 (구만산 계곡),누치코치,"35.604288,128.873397",,,4,코치,6c+
경상남도 (구만산 계곡),lime orange tree,"35.604288,128.873397",,,1,lime ornge tree,6b+
경상남도 (구만산 계곡),a few good man,"35.604288,128.873397",,,1,a few good man,"right, 6a"
경상남도 (구만산 계곡),a few good man,"35.604288,128.873397",,,2,a tew good man,"left, 6a+"
경상남도 (구만산 계곡),third wave,"35.604288,128.873397",,,1,3rd wave,3
경상남도 (구만산 계곡),nomore plastlc,"35.604288,128.873397",,,1,nomore platic,6a
경상남도 (구만산 계곡),nomore plastlc,"35.604288,128.873397",,,2,nomore plastic,6b+
경상남도 (구만산 계곡),scar traverse,"35.604288,128.873397",,,1,scar stracerse,6b+
경상남도 (구만산 계곡),uncomfort lady,"35.604288,128.873397",,,1,world war2,6c
경상남도 (구만산 계곡),uncomfort lady,"35.604288,128.873397",,,2,comfort kami-kaze,6c+
경상남도 (구만산 계곡),uncomfort lady,"35.604288,128.873397",,,3,uncomfort lady,?
경상남도 (구만산 계곡),uncomfort lady,"35.604288,128.873397",,,4,sexual slavery,?
경상남도 (구만산 계곡),royal beiber,"35.604288,128.873397",,,1,poyal bieber,"strait, 6a+"
경상남도 (구만산 계곡),royal beiber,"35.604288,128.873397",,,2,royal bieber,6b+
경상남도 (가지산 도그하우스),10dgree,"35.584772,128.982247",,,1,heel first,6b+
경상남도 (가지산 도그하우스),10dgree,"35.584772,128.982247",,,2,10dgree,6c+
경상남도 (가지산 도그하우스),scorpions,"35.584772,128.982247",,,1,u.f.o,6a
경상남도 (가지산 도그하우스),scorpions,"35.584772,128.982247",,,2,u.f.o. right,6a+
경상남도 (가지산 도그하우스),scorpions,"35.584772,128.982247",,,3,scorpions,"direct, 6b+"
경상남도 (가지산 도그하우스),scorpions,"35.584772,128.982247",,,4,scorpions,6c+
경상남도 (가지산 도그하우스),loren's traverse,"35.584772,128.982247",,,1,loren's travers,4
경상남도 (가지산 도그하우스),loren's traverse,"35.584772,128.982247",,,2,mandibular mantling,5
경상남도 (가지산 도그하우스),sky walker,"35.584772,128.982247",,,1,skywalker,7a+
경상남도 (가지산 도그하우스),고래의 꿈,"35.584772,128.982247",,,1,고래의 꿈,6b+
경상남도 (가지산 도그하우스),고래의 꿈,"35.584772,128.982247",,,2,고래의 꿈,"low, 7b"
경상남도 (가지산 도그하우스),꼬깔,"35.584772,128.982247",,,1,꼬깔,3
경상남도 (가지산 도그하우스),꼬깔,"35.584772,128.982247",,,2,꼬깔,"sit, 5"
경상남도 (가지산 도그하우스),꼬깔,"35.584772,128.982247",,,3,deli crack,"left, 5"
경상남도 (가지산 도그하우스),꼬깔,"35.584772,128.982247",,,4,deli crack,6a
경상남도 (가지산 도그하우스),crabby campus,"35.584772,128.982247",,,1,sunny trverse,6a+
경상남도 (가지산 도그하우스),crabby campus,"35.584772,128.982247",,,2,crabby campus,6b+
경상남도 (가지산 도그하우스),dr.hawking,"35.584772,128.982247",,,1,rise of dr.hawking,6c+
경상남도 (가지산 도그하우스),dr.hawking,"35.584772,128.982247",,,2,subtle crack,7b
경상남도 (가지산 도그하우스),dr.hawking,"35.584772,128.982247",,,3,subtle silence,7b+
경상남도 (가지산 도그하우스),dr.hawking,"35.584772,128.982247",,,4,subtle crack,"low, 7b+"
경상남도 (가지산 도그하우스),절편,"35.584772,128.982247",,,1,절편,6a
경상남도 (가지산 도그하우스),dragon tail/aircraft carrier,"35.584772,128.982247",,,1,dragon tail,6b+
경상남도 (가지산 도그하우스),dragon tail/aircraft carrier,"35.584772,128.982247",,,2,aircraft carrier,6c+
경상남도 (가지산 도그하우스),big pig,"35.584772,128.982247",,,1,big pig direct,4
경상남도 (가지산 도그하우스),big pig,"35.584772,128.982247",,,2,big pig,5
경상남도 (가지산 도그하우스),popcorn boy,"35.584772,128.982247",,,1,pop corn boy,6b+
경상남도 (가지산 도그하우스),popcorn boy,"35.584772,128.982247",,,2,시나위,7b+
경상남도 (가지산 도그하우스),cardian,"35.584772,128.982247",,,1,cardian,5
경상남도 (가지산 도그하우스),lost arrow/hidden crevasse,"35.584772,128.982247",,,1,lost arrow,6b+
경상남도 (가지산 도그하우스),lost arrow/hidden crevasse,"35.584772,128.982247",,,2,hiddin crevasse,"standing, 7a+"
경상남도 (가지산 도그하우스),lost arrow/hidden crevasse,"35.584772,128.982247",,,3,hidden crevasse,7c
경상남도 (가지산 도그하우스),xwing,"35.584772,128.982247",,,1,x-wing,7a+
경상남도 (가지산 도그하우스),guardian of bloc,"35.584772,128.982247",,,1,guardian of bloc,7b
경상남도 (가지산 도그하우스),때로는 여유롭게,"35.584772,128.982247",,,1,때로는 여유롭게,4
경상남도 (가지산 도그하우스),때로는 여유롭게,"35.584772,128.982247",,,2,dessert traverse,6b+
경상남도 (가지산 도그하우스),mantra,"35.584772,128.982247",,,1,dish washer,6a
경상남도 (가지산 도그하우스),mantra,"35.584772,128.982247",,,2,dish washer,"low, 6a+"
경상남도 (가지산 도그하우스),mantra,"35.584772,128.982247",,,3,mantra,7b
경상남도 (가지산 도그하우스),꼬마인형,"35.584772,128.982247",,,1,꼬마인형,4
경상남도 (가지산 도그하우스),묻고 더블로 가,"35.584772,128.982247",,,1,묻고 더블로 가,
경상남도 (가지산 도그하우스),golden slumber,"35.584772,128.982247",,,1,golden slumber,6a+
경상남도 (가지산 도그하우스),the cube,"35.584772,128.982247",,,1,the cube,"direct, 6a"
경상남도 (가지산 도그하우스),the cube,"35.584772,128.982247",,,2,the cube,6b+
경상남도 (가지산 도그하우스),바스락,"35.584772,128.982247",,,1,바스락,6a+
경상남도 (가지산 도그하우스),nature logic,"35.584772,128.982247",,,1,nature logic,6b+
경상남도 (가지산 도그하우스),nature logic,"35.584772,128.982247",,,2,nature logic,"low, ?"
경상남도 (가지산 도그하우스),samsara,"35.584772,128.982247",,,1,samsara,"sts(윤희), 6a"
경상남도 (가지산 도그하우스),samsara,"35.584772,128.982247",,,2,samsara,"right, 6a+"
경상남도 (가지산 도그하우스),samsara,"35.584772,128.982247",,,3,samsara(.윤희),6b+
경상남도 (가지산 도그하우스),samsara,"35.584772,128.982247",,,4,samsara,"low, 7b"
경상남도 (가지산 도그하우스),뻐드렁니,"35.584772,128.982247",,,1,아무나,3
경상남도 (가지산 도그하우스),뻐드렁니,"35.584772,128.982247",,,2,뻐드렁니,6b+
경상남도 (가지산 도그하우스),뻐드렁니,"35.584772,128.982247",,,3,뻐드렁니,"right, 6c+"
경상남도 (가지산 도그하우스),처음처럼,"35.584772,128.982247",,,1,처음처럼,?
경상남도 (가지산 도그하우스),무조건이야,"35.584772,128.982247",,,1,무조건이야,5
경상남도 (가지산 도그하우스),eagle peak,"35.584772,128.982247",,,1,eagle peak,4
경상남도 (가지산 도그하우스),eagle peak,"35.584772,128.982247",,,2,eagle peak,"left, 5"
경상남도 (가지산 도그하우스),easy go,"35.584772,128.982247",,,1,easy come,6a
경상남도 (가지산 도그하우스),easy go,"35.584772,128.982247",,,2,easy go,6a+
경상남도 (가지산 도그하우스),armchair/밀양 아리랑,"35.584772,128.982247",,,1,armchair,4
경상남도 (가지산 도그하우스),armchair/밀양 아리랑,"35.584772,128.982247",,,2,밀양 아리랑,6a+
경상남도 (가지산 도그하우스),armchair/밀양 아리랑,"35.584772,128.982247",,,3,armchair,"sit, 6b+"
경상남도 (가지산 도그하우스),armchair/밀양 아리랑,"35.584772,128.982247",,,4,mo betta blues,6c+
경상남도 (가지산 도그하우스),armchair/밀양 아리랑,"35.584772,128.982247",,,5,armchair,"right,sit, 7a+"
경상남도 (가지산 도그하우스),pedigree,"35.584772,128.982247",,,1,pedigree,5
경상남도 (가지산 도그하우스),pedigree,"35.584772,128.982247",,,2,chappy,6a+
경상남도 (가지산 도그하우스),pedigree,"35.584772,128.982247",,,3,broken heart,6b+
경상남도 (가지산 도그하우스),ㄹ(real),"35.584772,128.982247",,,1,ㄹ traverse,5
경상남도 (가지산 도그하우스),ㄹ(real),"35.584772,128.982247",,,2,ham and egg,6a
경상남도 (가지산 도그하우스),ㄹ(real),"35.584772,128.982247",,,3,ㄹ,6a+
경상남도 (가지산 도그하우스),양지(sunnyspot),"35.584772,128.982247",,,1,sunny spot(양지),6c+
경상남도 (가지산 도그하우스),alternative fact,"35.584772,128.982247",,,1,monkey hang,6b+
경상남도 (가지산 도그하우스),alternative fact,"35.584772,128.982247",,,2,syncronicity,7a+
경상남도 (가지산 도그하우스),alternative fact,"35.584772,128.982247",,,3,alternative fact,7b
경상남도 (가지산 도그하우스),alternative fact,"35.584772,128.982247",,,4,master of puppy,7b+
경상남도 (가지산 도그하우스),alternative fact,"35.584772,128.982247",,,5,ticino vibe,7c
경상남도 (가지산 도그하우스),alternative fact,"35.584772,128.982247",,,6,ticino vibe2,?
경상남도 (가지산 도그하우스),royal canin,"35.584772,128.982247",,,1,mystic rider,6a+
경상남도 (가지산 도그하우스),royal canin,"35.584772,128.982247",,,2,fromm,6b+
경상남도 (가지산 도그하우스),royal canin,"35.584772,128.982247",,,3,shadow of canin,6b+
경상남도 (가지산 도그하우스),royal canin,"35.584772,128.982247",,,4,canin,7b
경상남도 (가지산 도그하우스),royal canin,"35.584772,128.982247",,,5,royal canin,7b+
경상남도 (가지산 도그하우스),royal canin,"35.584772,128.982247",,,6,canin,"left, 7c"
경상남도 (가지산 도그하우스),bite force,"35.584772,128.982247",,,1,boulder ethics,7a+
경상남도 (가지산 도그하우스),bite force,"35.584772,128.982247",,,2,bite force,7b+
경상남도 (가지산 도그하우스),bite force,"35.584772,128.982247",,,3,bite force,"low, 7c"
경상남도 (가지산 도그하우스),bite force,"35.584772,128.982247",,,4,bite force,"left, 8b+"
경상남도 (가지산 도그하우스),bite force,"35.584772,128.982247",,,5,dr.hooking,"left, ?"
경상남도 (가지산 도그하우스),roaning wind,"35.584772,128.982247",,,1,tomboy,6c+
경상남도 (가지산 도그하우스),roaning wind,"35.584772,128.982247",,,2,roaning wind,7a+
경상남도 (가지산 도그하우스),space odyssey,"35.584772,128.982247",,,1,super comet,6a+
경상남도 (가지산 도그하우스),space odyssey,"35.584772,128.982247",,,2,space odyssey,7c
경상남도 (가지산 도그하우스),space odyssey,"35.584772,128.982247",,,3,space odyssey,"left, 7c"
경상남도 (가지산 도그하우스),acana,"35.584772,128.982247",,,1,origen,6a
경상남도 (가지산 도그하우스),acana,"35.584772,128.982247",,,2,acana,6a+
경상남도 (가지산 도그하우스),retangular wrestling,"35.584772,128.982247",,,1,retangular wrestling,6a
경상남도 (가지산 도그하우스),vice,"35.584772,128.982247",,,1,vice,6c+
경상남도 (가지산 도그하우스),vice,"35.584772,128.982247",,,2,vincero,7b
경상남도 (가지산 도그하우스),vice,"35.584772,128.982247",,,3,vincero,"left, 7b+"
경상남도 (가지산 도그하우스),cyclops,"35.584772,128.982247",,,1,cyclops(애꾸눈),6a+
경상남도 (가지산 도그하우스),cyclops,"35.584772,128.982247",,,2,high kick,6c+
경상남도 (신불산 계곡),leftism,"35.525800,129.023395",,,1,soul evolution,3
경상남도 (신불산 계곡),leftism,"35.525800,129.023395",,,2,phenominal ego,4
경상남도 (신불산 계곡),leftism,"35.525800,129.023395",,,3,looking for trouble(사서고생),4+
경상남도 (신불산 계곡),leftism,"35.525800,129.023395",,,4,tuck and roll,"sit, 5"
경상남도 (신불산 계곡),leftism,"35.525800,129.023395",,,5,rightism,6c+
경상남도 (신불산 계곡),leftism,"35.525800,129.023395",,,6,leftism,7a+
경상남도 (신불산 계곡),ace of base,"35.525800,129.023395",,,1,봄처녀,5
경상남도 (신불산 계곡),ace of base,"35.525800,129.023395",,,2,내실,5+
경상남도 (신불산 계곡),ace of base,"35.525800,129.023395",,,3,ace of base,6c+
경상남도 (신불산 계곡),frisbee,"35.525800,129.023395",,,1,frisbee,6b
경상남도 (신불산 계곡),mental mantling,"35.525800,129.023395",,,1,mental mantling,6a
경상남도 (신불산 계곡),아라한,"35.525800,129.023395",,,1,dewar's and hundo's,6c+
경상남도 (신불산 계곡),아라한,"35.525800,129.023395",,,2,auntie gwinesh ashtray,7a
경상남도 (신불산 계곡),아라한,"35.525800,129.023395",,,3,auntie gwinesh ashtray,"extention, 7a+"
경상남도 (신불산 계곡),아라한,"35.525800,129.023395",,,4,arhat,7a+
경상남도 (신불산 계곡),아라한,"35.525800,129.023395",,,5,tropical campus,7b+
경상남도 (신불산 계곡),아라한,"35.525800,129.023395",,,6,arhat,"low, ?"
경상남도 (신불산 계곡),conddom,"35.525800,129.023395",,,1,condom,6c+
경상남도 (신불산 계곡),black defender,"35.525800,129.023395",,,1,mess up table1,3
경상남도 (신불산 계곡),black defender,"35.525800,129.023395",,,2,mess up table2,3
경상남도 (신불산 계곡),black defender,"35.525800,129.023395",,,3,white knight,6a+
경상남도 (신불산 계곡),black defender,"35.525800,129.023395",,,4,black knight,6c+
경상남도 (신불산 계곡),black defender,"35.525800,129.023395",,,5,black defender,7c
경상남도 (신불산 계곡),dry and try,"35.525800,129.023395",,,1,viagra house,3
경상남도 (신불산 계곡),dry and try,"35.525800,129.023395",,,2,돌다리,4
경상남도 (신불산 계곡),dry and try,"35.525800,129.023395",,,3,dry and try,6a
경상남도 (신불산 계곡),dry and try,"35.525800,129.023395",,,4,dry and try,"right, 6a"
경상남도 (신불산 계곡),dry and try,"35.525800,129.023395",,,5,project(돌다리 볼더),?
경상남도 (신불산 계곡),gradarion,"35.525800,129.023395",,,1,gradation,4
경상남도 (신불산 계곡),hite and cass,"35.525800,129.023395",,,1,midnight in the garden of hite and cass,6c+
경상남도 (신불산 계곡),boomerang,"35.525800,129.023395",,,1,boomerang,"left, 6a+"
경상남도 (신불산 계곡),boomerang,"35.525800,129.023395",,,2,boomerang,"left,sit, 6b+"
경상남도 (신불산 계곡),boomerang,"35.525800,129.023395",,,3,boomerang,"right, 6b+"
경상남도 (신불산 계곡),boomerang,"35.525800,129.023395",,,4,boomdrang,"right,sit, 6c+"
경상남도 (신불산 계곡),corazon,"35.525800,129.023395",,,1,개인교습,4
경상남도 (신불산 계곡),corazon,"35.525800,129.023395",,,2,개인교습,"left, 6a+"
경상남도 (신불산 계곡),corazon,"35.525800,129.023395",,,3,삐딱이,6b+
경상남도 (신불산 계곡),corazon,"35.525800,129.023395",,,4,corazon espinado,6c+
경상남도 (신불산 계곡),smoking gun,"35.525800,129.023395",,,1,이무기,4
경상남도 (신불산 계곡),smoking gun,"35.525800,129.023395",,,2,inside out,5
경상남도 (신불산 계곡),smoking gun,"35.525800,129.023395",,,3,asmr,6a
경상남도 (신불산 계곡),smoking gun,"35.525800,129.023395",,,4,미르,6a+
경상남도 (신불산 계곡),smoking gun,"35.525800,129.023395",,,5,smoking gun,7b+
경상남도 (신불산 계곡),little font,"35.525800,129.023395",,,1,to have or to be,5
경상남도 (신불산 계곡),little font,"35.525800,129.023395",,,2,litte font,6a+
경상남도 (신불산 계곡),little font,"35.525800,129.023395",,,3,little font,"right, 6b+"
경상남도 (신불산 계곡),evil way,"35.525800,129.023395",,,1,evil way,6c+
경상남도 (신불산 계곡),full swing-고추잠자리,"35.525800,129.023395",,,1,brittle man,6c+
경상남도 (신불산 계곡),full swing-고추잠자리,"35.525800,129.023395",,,2,ego trip,"left, 6a"
경상남도 (신불산 계곡),full swing-고추잠자리,"35.525800,129.023395",,,3,ego trip,6c
경상남도 (신불산 계곡),full swing-고추잠자리,"35.525800,129.023395",,,4,고추잠자리,6c+
경상남도 (신불산 계곡),full swing-고추잠자리,"35.525800,129.023395",,,5,full swing,7a
경상남도 (신불산 계곡),full swing-고추잠자리,"35.525800,129.023395",,,6,full swing,"sit, 7b"
경상남도 (신불산 계곡),full swing-고추잠자리,"35.525800,129.023395",,,7,full swing,"low, 7b+"
경상남도 (신불산 계곡),full swing-고추잠자리,"35.525800,129.023395",,,8,full swing,"extention, 7c"
경상남도 (신불산 계곡),black sandal,"35.525800,129.023395",,,1,black sandal,5
경상남도 (신불산 계곡),nudge effect,"35.525800,129.023395",,,1,nudge effect,6a+
경상남도 (신불산 계곡),luchador,"35.525800,129.023395",,,1,곰보,"left, 4"
경상남도 (신불산 계곡),luchador,"35.525800,129.023395",,,2,곰보,5
경상남도 (신불산 계곡),luchador,"35.525800,129.023395",,,3,el luchador,6b+
경상남도 (신불산 계곡),luchador,"35.525800,129.023395",,,4,untill,6b+
경상남도 (신불산 계곡),luchador,"35.525800,129.023395",,,5,el luchador,"direct, 6c+"
경상남도 (신불산 계곡),luchador,"35.525800,129.023395",,,6,project,?
경상남도 (신불산 계곡),initiation,"35.525800,129.023395",,,1,initiation,"strait, 4"
경상남도 (신불산 계곡),initiation,"35.525800,129.023395",,,2,initiation,6a+
경상남도 (신불산 계곡),initiation,"35.525800,129.023395",,,3,l'arqe'e,6b+
경상남도 (신불산 계곡),initiation,"35.525800,129.023395",,,4,비와 당시의 이야기,6b+
경상남도 (신불산 계곡),initiation,"35.525800,129.023395",,,5,낭만비,6c+
경상남도 (신불산 계곡),rainbow,"35.525800,129.023395",,,1,rainbow traverse,6c+
경상남도 (신불산 계곡),rainbow,"35.525800,129.023395",,,2,rainbow back,7a+
경상남도 (신불산 계곡),rainbow,"35.525800,129.023395",,,3,into the rainbow,7a+
경상남도 (신불산 계곡),rainbow,"35.525800,129.023395",,,4,zitronenpress,7b
경상남도 (신불산 계곡),couch chips,"35.525800,129.023395",,,1,couch chips,7a+
경상남도 (신불산 계곡),white flame,"35.525800,129.023395",,,1,unknoun(red flame),6a
경상남도 (신불산 계곡),white flame,"35.525800,129.023395",,,2,white flame,6b+
경상남도 (신불산 계곡),white flame,"35.525800,129.023395",,,3,white flame,"left, 7a+"
경상남도 (신불산 계곡),white flame,"35.525800,129.023395",,,4,white flame,"extention, 7b+"
경상남도 (신불산 계곡),white flame,"35.525800,129.023395",,,5,white flame left ext,7c
경상남도 (신불산 계곡),white flame,"35.525800,129.023395",,,6,unknown(black flame),?
경상남도 (신불산 계곡),큰산,"35.525800,129.023395",,,1,큰산,6b+
경상남도 (신불산 계곡),snail roof,"35.525800,129.023395",,,1,snail roof,7a+
경상남도 (신불산 계곡),보기보다 쉬운길,"35.525800,129.023395",,,1,보기보다 쉬운길,3
경상남도 (신불산 계곡),star bugs,"35.525800,129.023395",,,1,star bugs,5+
경상남도 (신불산 계곡),star bugs,"35.525800,129.023395",,,2,no name,?
경상남도 (신불산 계곡),paper dream,"35.525800,129.023395",,,1,paper dreams,5
경상남도 (신불산 계곡),poindexter,"35.525800,129.023395",,,1,poindexrer's protracter,6a+
경상남도 (신불산 계곡),poindexter,"35.525800,129.023395",,,2,pointdexter stretching,6b+
경상남도 (신불산 계곡),물가 traverse,"35.525800,129.023395",,,1,물가 tracerse,5
경상남도 (신불산 계곡),roof crack,"35.525800,129.023395",,,1,unknown roof crack,?
경상남도 (신불산 계곡),icarus,"35.525800,129.023395",,,1,mj tracerse,6b+
경상남도 (신불산 계곡),icarus,"35.525800,129.023395",,,2,violence is golden,7a+
경상남도 (신불산 계곡),icarus,"35.525800,129.023395",,,3,icarus,7b
경상남도 (신불산 계곡),cube arete,"35.525800,129.023395",,,1,twin cube,3
경상남도 (신불산 계곡),cube arete,"35.525800,129.023395",,,2,cube face,3
경상남도 (신불산 계곡),cube arete,"35.525800,129.023395",,,3,cube arete,4
경상남도 (신불산 계곡),the beach,"35.525800,129.023395",,,1,foot model,5
경상남도 (신불산 계곡),the beach,"35.525800,129.023395",,,2,fake slab,5
경상남도 (신불산 계곡),the beach,"35.525800,129.023395",,,3,bone voyage,6b+
경상남도 (신불산 계곡),the beach,"35.525800,129.023395",,,4,fake arete,6c
경상남도 (신불산 계곡),the beach,"35.525800,129.023395",,,5,just masterbating,7a+
경상남도 (신불산 계곡),the beach,"35.525800,129.023395",,,6,matt's problem,7a+
경상남도 (신불산 계곡),the beach,"35.525800,129.023395",,,7,el casa en el aire,7c
경상남도 (신불산 계곡),가람,"35.525800,129.023395",,,1,가람,5
경상남도 (신불산 계곡),barrel of monkey,"35.525800,129.023395",,,1,도긴개긴,3
경상남도 (신불산 계곡),barrel of monkey,"35.525800,129.023395",,,2,어그지,5
경상남도 (신불산 계곡),barrel of monkey,"35.525800,129.023395",,,3,rejuvenator,6a
경상남도 (신불산 계곡),barrel of monkey,"35.525800,129.023395",,,4,face lift,6a+
경상남도 (신불산 계곡),barrel of monkey,"35.525800,129.023395",,,5,가을바람,6a+
경상남도 (신불산 계곡),barrel of monkey,"35.525800,129.023395",,,6,tough spirit of christoph,7c
경상남도 (신불산 계곡),november rain,"35.525800,129.023395",,,1,november rain,"right, 5"
경상남도 (신불산 계곡),november rain,"35.525800,129.023395",,,2,november rain,6a
경상남도 (신불산 계곡),겨울이야기,"35.525800,129.023395",,,1,dog wood,"right, 4"
경상남도 (신불산 계곡),겨울이야기,"35.525800,129.023395",,,2,butt slab,4
경상남도 (신불산 계곡),겨울이야기,"35.525800,129.023395",,,3,dog wood,5
경상남도 (신불산 계곡),겨울이야기,"35.525800,129.023395",,,4,겨울이야기,"direct, 5"
경상남도 (신불산 계곡),겨울이야기,"35.525800,129.023395",,,5,겨울이야기,6a
경상남도 (신불산 계곡),겨울이야기,"35.525800,129.023395",,,6,낙엽 사이로,6b+
경상남도 (신불산 계곡),burns,"35.525800,129.023395",,,1,,", 3"
경상남도 (신불산 계곡),burns,"35.525800,129.023395",,,2,it blows out flame,6a
경상남도 (신불산 계곡),burns,"35.525800,129.023395",,,3,find your feet,6a
경상남도 (신불산 계곡),burns,"35.525800,129.023395",,,4,clean as mud,6b
경상남도 (신불산 계곡),burns,"35.525800,129.023395",,,5,it burns,7b+
경상남도 (신불산 계곡),burns,"35.525800,129.023395",,,6,it burns,7b+
경상남도 (신불산 계곡),burns,"35.525800,129.023395",,,7,came from mars,?
경상남도 (신불산 계곡),burns,"35.525800,129.023395",,,8,came ftom mars extention,?
경상남도 (신불산 계곡),burns,"35.525800,129.023395",,,9,project(backside of burns),?
경상남도 (신불산 계곡),shooting stars,"35.525800,129.023395",,,1,shooting star,"sit, 6a+"
경상남도 (신불산 계곡),dws,"35.525800,129.023395",,,1,dws,?
경상남도 (신불산 계곡),pinch a loaf,"35.525800,129.023395",,,1,unknown,3
경상남도 (신불산 계곡),pinch a loaf,"35.525800,129.023395",,,2,pinch a loaf,7a+
경상남도 (신불산 계곡),건빵,"35.525800,129.023395",,,1,건빵,4
경상남도 (신불산 계곡),behind burns,"35.525800,129.023395",,,1,behind burns,3
경상남도 (신불산 계곡),feak v9,"35.525800,129.023395",,,1,warm up1-1,"2,3, 4"
경상남도 (신불산 계곡),feak v9,"35.525800,129.023395",,,2,snatch,4
경상남도 (신불산 계곡),feak v9,"35.525800,129.023395",,,3,feak v9,6a
경상남도 (신불산 계곡),feak v9,"35.525800,129.023395",,,4,by the way,6a
경상남도 (신불산 계곡),feak v9,"35.525800,129.023395",,,5,it blows out flame,6a
경상남도 (신불산 계곡),feak v9,"35.525800,129.023395",,,6,clean and jerk,6a
경상남도 (신불산 계곡),feak v9,"35.525800,129.023395",,,7,clean and jerk,6a
경상남도 (신불산 계곡),feak v9,"35.525800,129.023395",,,8,upstreaming salmon,6a+
경상남도 (신불산 계곡),feak v9,"35.525800,129.023395",,,9,last princess,6b
경상남도 (신불산 계곡),feak v9,"35.525800,129.023395",,,10,winter romance1,6b+
경상남도 (신불산 계곡),feak v9,"35.525800,129.023395",,,11,doom raider,7a+
경상남도 (신불산 계곡),feak v9,"35.525800,129.023395",,,12,winter romance2,7a+
경상남도 (신불산 계곡),feak v9,"35.525800,129.023395",,,13,snatch princess,7b
경상남도 (신불산 계곡),flower slab,"35.525800,129.023395",,,1,flower slab,6a
경상남도 (신불산 계곡),ogre mound,"35.525800,129.023395",,,1,dgre mound,6b+
경상남도 (신불산 계곡),ogre mound,"35.525800,129.023395",,,2,ogre march,6c+
경상남도 (신불산 계곡),ogre mound,"35.525800,129.023395",,,3,orge mound,"low, ?"
경상남도 (신불산 계곡),혹뿌리영감,"35.525800,129.023395",,,1,혹뿌리영감,?
경상남도 (신불산 계곡),deep throat,"35.525800,129.023395",,,1,deep throat,7a+
경상남도 (신불산 계곡),deep throat,"35.525800,129.023395",,,2,deep throat,"sit, ?"
경상남도 (신불산 계곡),deep throat,"35.525800,129.023395",,,3,Esperanza,?
경상남도 (신불산 계곡),deep water,"35.525800,129.023395",,,1,waiting for deep water,4
경상남도 (신불산 계곡),deep water,"35.525800,129.023395",,,2,deep water arete,4
경상남도 (신불산 계곡),deep water,"35.525800,129.023395",,,3,deep water crack,4
경상남도 (신불산 계곡),road kill,"35.525800,129.023395",,,1,road kill,"right, 3"
경상남도 (신불산 계곡),road kill,"35.525800,129.023395",,,2,road kill,"left, 3"
경상남도 (신불산 계곡),apple juice,"35.525800,129.023395",,,1,apple juice,"straight, 6a"
경상남도 (신불산 계곡),apple juice,"35.525800,129.023395",,,2,apple juice,"sit, 6a+"
경상남도 (신불산 계곡),apple juice,"35.525800,129.023395",,,3,inevitable consquence,6b+
경상남도 (신불산 계곡),old man's way,"35.525800,129.023395",,,1,no name,3
경상남도 (신불산 계곡),old man's way,"35.525800,129.023395",,,2,old mans way,4
경상남도 (신불산 계곡),ent,"35.525800,129.023395",,,1,ent,?
경상남도 (신불산 계곡),신불산 가는길,"35.525800,129.023395",,,1,virgina,6c+
경상남도 (신불산 계곡),신불산 가는길,"35.525800,129.023395",,,2,신불산 가는 길,?
경상남도 (신불산 계곡),beach slab,"35.525800,129.023395",,,1,물놀이야!,3
경상남도 (신불산 계곡),beach slab,"35.525800,129.023395",,,2,beach slab,?
경상남도 (신불산 계곡),dyno jr,"35.525800,129.023395",,,1,corner climinbing,5
경상남도 (신불산 계곡),dyno jr,"35.525800,129.023395",,,2,dyno jr.,6a
경상남도 (신불산 계곡),dyno jr,"35.525800,129.023395",,,3,hans guck in die suft,6a+
경상남도 (신불산 계곡),road hunter,"35.525800,129.023395",,,1,day dream,3
경상남도 (신불산 계곡),road hunter,"35.525800,129.023395",,,2,road hunter,4
경상남도 (신불산 계곡),나무와 커피,"35.525800,129.023395",,,1,폭포 마사지,3
경상남도 (신불산 계곡),나무와 커피,"35.525800,129.023395",,,2,나무그늘 아래3,3
경상남도 (신불산 계곡),나무와 커피,"35.525800,129.023395",,,3,나무그늘 아래1,4
경상남도 (신불산 계곡),나무와 커피,"35.525800,129.023395",,,4,나무그늘 아래2,4
경상남도 (신불산 계곡),나무와 커피,"35.525800,129.023395",,,5,사랑 나무,5
경상남도 (신불산 계곡),나무와 커피,"35.525800,129.023395",,,6,bbq,5
경상남도 (신불산 계곡),나무와 커피,"35.525800,129.023395",,,7,나무와 커피,6a
경상남도 (신불산 계곡),나무와 커피,"35.525800,129.023395",,,8,나무와 커피,"left, 6a+"
경상남도 (신불산 계곡),mars,"35.525800,129.023395",,,1,the river of mars,?
경상남도 (신불산 계곡),mars,"35.525800,129.023395",,,2,hill of mars,?
경상남도 (신불산 계곡),바시미,"35.525800,129.023395",,,1,바시미3,6c+
경상남도 (신불산 계곡),바시미,"35.525800,129.023395",,,2,바시미1,7a+
경상남도 (신불산 계곡),바시미,"35.525800,129.023395",,,3,바시미2,7b
경상남도 (신불산 계곡),모기와 그늘,"35.525800,129.023395",,,1,모기와 그늘,6a
경상남도 (신불산 계곡),lost stars,"35.525800,129.023395",,,1,실마리,7a+
경상남도 (신불산 계곡),lost stars,"35.525800,129.023395",,,2,lost stars,7b
경상남도 (신불산 계곡),lost stars,"35.525800,129.023395",,,3,shadow man,7b+
경상남도 (내원사 계곡),양철북,"35.435962,129.098943",,,1,belgium harvest,5
경상남도 (내원사 계곡),양철북,"35.435962,129.098943",,,2,양철북,6a
경상남도 (내원사 계곡),양철북,"35.435962,129.098943",,,3,belgium harverst,"left, 6a"
경상남도 (내원사 계곡),양철북,"35.435962,129.098943",,,4,belgium harvest,"left, 6a"
경상남도 (내원사 계곡),양철북,"35.435962,129.098943",,,5,오스카,6b+
경상남도 (내원사 계곡),renaissance,"35.435962,129.098943",,,1,한끗,6a
경상남도 (내원사 계곡),renaissance,"35.435962,129.098943",,,2,한끗,"low, 6a+"
경상남도 (내원사 계곡),renaissance,"35.435962,129.098943",,,3,sneakers,6b+
경상남도 (내원사 계곡),renaissance,"35.435962,129.098943",,,4,liberta,6c+
경상남도 (내원사 계곡),renaissance,"35.435962,129.098943",,,5,renaissance,7b+
경상남도 (내원사 계곡),renaissance,"35.435962,129.098943",,,6,renaissance,"low, ?"
경상남도 (내원사 계곡),묵어,"35.435962,129.098943",,,1,묵어,6c+
경상남도 (내원사 계곡),추버라,"35.435962,129.098943",,,1,추버라,3
경상남도 (내원사 계곡),추버라,"35.435962,129.098943",,,2,추버라,"left, 5"
경상남도 (내원사 계곡),salamander,"35.435962,129.098943",,,1,let it out,5
경상남도 (내원사 계곡),salamander,"35.435962,129.098943",,,2,hey it out,5
경상남도 (내원사 계곡),salamander,"35.435962,129.098943",,,3,hey jude,6a+
경상남도 (내원사 계곡),salamander,"35.435962,129.098943",,,4,water bomb,"easy, 6a+"
경상남도 (내원사 계곡),salamander,"35.435962,129.098943",,,5,make it better,6b
경상남도 (내원사 계곡),salamander,"35.435962,129.098943",,,6,water bomb,6b+
경상남도 (내원사 계곡),salamander,"35.435962,129.098943",,,7,water bomb,"right, 6c+"
경상남도 (내원사 계곡),salamander,"35.435962,129.098943",,,8,salamander,7b
경상남도 (내원사 계곡),stereo total,"35.435962,129.098943",,,1,oto,3+
경상남도 (내원사 계곡),stereo total,"35.435962,129.098943",,,2,stereo total,7b+
경상남도 (내원사 계곡),아침이슬,"35.435962,129.098943",,,1,아침이슬,7c
경상남도 (내원사 계곡),걸어서 하늘까지,"35.435962,129.098943",,,1,reckless,5
경상남도 (내원사 계곡),걸어서 하늘까지,"35.435962,129.098943",,,2,걸어서 하늘까지,6a
경상남도 (내원사 계곡),golden compass,"35.435962,129.098943",,,1,golden compass,4
경상남도 (내원사 계곡),golden compass,"35.435962,129.098943",,,2,golden compass,"right, 6a+"
경상남도 (내원사 계곡),golden compass,"35.435962,129.098943",,,3,lady's man,6b
경상남도 (내원사 계곡),mc morning,"35.435962,129.098943",,,1,hit and run,5
경상남도 (내원사 계곡),mc morning,"35.435962,129.098943",,,2,거미 크랙,5
경상남도 (내원사 계곡),mc morning,"35.435962,129.098943",,,3,mcmorning,6a+
경상남도 (내원사 계곡),mc morning,"35.435962,129.098943",,,4,lost 2018 tracerse,6a+
경상남도 (내원사 계곡),mc morning,"35.435962,129.098943",,,5,20190101,6a+
경상남도 (내원사 계곡),mc morning,"35.435962,129.098943",,,6,gas gun,6b
경상남도 (내원사 계곡),mc morning,"35.435962,129.098943",,,7,mcmorning left,"sit, 6c"
경상남도 (내원사 계곡),mc morning,"35.435962,129.098943",,,8,tree frog,7b
경상남도 (내원사 계곡),namaste,"35.435962,129.098943",,,1,out of time,6a+
경상남도 (내원사 계곡),namaste,"35.435962,129.098943",,,2,namaste,?
경상남도 (내원사 계곡),namaste,"35.435962,129.098943",,,3,chau,?
경상남도 (내원사 계곡),smile of tree,"35.435962,129.098943",,,1,smile of trees,4
경상남도 (내원사 계곡),black tube,"35.435962,129.098943",,,1,black tube,"standing, 5"
경상남도 (내원사 계곡),black tube,"35.435962,129.098943",,,2,black tube,?
경상남도 (내원사 계곡),ultima thule,"35.435962,129.098943",,,1,change of season,6b
경상남도 (내원사 계곡),ultima thule,"35.435962,129.098943",,,2,ultima thule1,7b
경상남도 (내원사 계곡),ultima thule,"35.435962,129.098943",,,3,ultima thule3,?
경상남도 (내원사 계곡),ultima thule,"35.435962,129.098943",,,4,ultima thule2,?
경상남도 (내원사 계곡),pale face,"35.435962,129.098943",,,1,bright face1/2,3
경상남도 (내원사 계곡),pale face,"35.435962,129.098943",,,2,pale face,5
경상남도 (내원사 계곡),mon chou,"35.435962,129.098943",,,1,나무옆에서,3
경상남도 (내원사 계곡),mon chou,"35.435962,129.098943",,,2,쉬운 크랙,3
경상남도 (내원사 계곡),mon chou,"35.435962,129.098943",,,3,mon chou,"right,sts, 5"
경상남도 (내원사 계곡),mon chou,"35.435962,129.098943",,,4,mon chou,6c+
경상남도 (내원사 계곡),카운터 플레이,"35.435962,129.098943",,,1,counter play,5
경상남도 (내원사 계곡),카운터 플레이,"35.435962,129.098943",,,2,punch line,6a
경상남도 (내원사 계곡),blue horse,"35.435962,129.098943",,,1,blue horse,7a+
경상남도 (내원사 계곡),앉지마,"35.435962,129.098943",,,1,앉지마,4
경상남도 (내원사 계곡),고통의 트레버스,"35.435962,129.098943",,,1,힐링 트레버스,6a
경상남도 (내원사 계곡),고통의 트레버스,"35.435962,129.098943",,,2,고통의 트레버스,6b+
경상남도 (내원사 계곡),kinder garden,"35.435962,129.098943",,,1,kindergarden left,5
경상남도 (내원사 계곡),kinder garden,"35.435962,129.098943",,,2,kindergarden right,6a
경상남도 (내원사 계곡),butter knife,"35.435962,129.098943",,,1,color lightening,6a
경상남도 (내원사 계곡),butter knife,"35.435962,129.098943",,,2,who stole my dragon eggs,6a
경상남도 (내원사 계곡),butter knife,"35.435962,129.098943",,,3,colored lightening strait,6a+
경상남도 (내원사 계곡),butter knife,"35.435962,129.098943",,,4,butter knife,6b+
경상남도 (내원사 계곡),butter knife,"35.435962,129.098943",,,5,good bye snake,6c+
경상남도 (내원사 계곡),end of the year,"35.435962,129.098943",,,1,end of the year,6a
경상남도 (내원사 계곡),sunshine cave,"35.435962,129.098943",,,1,sunshine cave,6c+
경상남도 (내원사 계곡),딱한번만,"35.435962,129.098943",,,1,딱한번만,6a+
경상남도 (내원사 계곡),철용씨 커피 더,"35.435962,129.098943",,,1,철용씨 커피 더,6a+
경상남도 (내원사 계곡),obje,"35.435962,129.098943",,,1,obje,6b
경상남도 (내원사 계곡),obje,"35.435962,129.098943",,,2,obje,"traverse, 6b+"
경상남도 (내원사 계곡),tyrano,"35.435962,129.098943",,,1,검정고무신,4
경상남도 (내원사 계곡),tyrano,"35.435962,129.098943",,,2,검정고무신,"sit, 6a+"
경상남도 (내원사 계곡),tyrano,"35.435962,129.098943",,,3,tyrano,"left, 7a+"
경상남도 (내원사 계곡),tyrano,"35.435962,129.098943",,,4,tyrano,7b+
경상남도 (내원사 계곡),누워서 하늘까지,"35.435962,129.098943",,,1,누워서 하늘까지,6a
경상남도 (내원사 계곡),vip,"35.435962,129.098943",,,1,vib,6a
경상남도 (내원사 계곡),vip,"35.435962,129.098943",,,2,vip,6b+
경상남도 (내원사 계곡),burning leaf,"35.435962,129.098943",,,1,burning leaf,5
경상남도 (내원사 계곡),깜놀-억지,"35.435962,129.098943",,,1,깜놀,6a
경상남도 (내원사 계곡),깜놀-억지,"35.435962,129.098943",,,2,깜올,"right, 6a"
경상남도 (내원사 계곡),깜놀-억지,"35.435962,129.098943",,,3,억지,6a
경상남도 (내원사 계곡),쿨파스,"35.435962,129.098943",,,1,쿨파스,6a
경상남도 (내원사 계곡),쿨파스,"35.435962,129.098943",,,2,쿨파스,"left, 6a+"
경상남도 (내원사 계곡),little diamond,"35.435962,129.098943",,,1,오 수정,4
경상남도 (내원사 계곡),little diamond,"35.435962,129.098943",,,2,little diamond sit,6a
경상남도 (내원사 계곡),little diamond,"35.435962,129.098943",,,3,another diamond,6a
경상남도 (내원사 계곡),little diamond,"35.435962,129.098943",,,4,little dianmond left,6b
경상남도 (내원사 계곡),warm up(dyno series),"35.435962,129.098943",,,1,first flight,3
경상남도 (내원사 계곡),warm up(dyno series),"35.435962,129.098943",,,2,물놀이,3
경상남도 (내원사 계곡),warm up(dyno series),"35.435962,129.098943",,,3,level zero,4
경상남도 (내원사 계곡),warm up(dyno series),"35.435962,129.098943",,,4,baby steps,5
경상남도 (내원사 계곡),warm up(dyno series),"35.435962,129.098943",,,5,little dyno,6a
경상남도 (내원사 계곡),warm up(dyno series),"35.435962,129.098943",,,6,oliver's travels,6a
경상남도 (내원사 계곡),warm up(dyno series),"35.435962,129.098943",,,7,발레리나,6a+
경상남도 (내원사 계곡),warm up(dyno series),"35.435962,129.098943",,,8,first fight,"dyno1, 6a+"
경상남도 (내원사 계곡),warm up(dyno series),"35.435962,129.098943",,,9,나빌레라,"standing, 6b+"
경상남도 (내원사 계곡),warm up(dyno series),"35.435962,129.098943",,,10,first fight,"dyno2,6b+"
경상남도 (내원사 계곡),warm up(dyno series),"35.435962,129.098943",,,11,hot traverse,6c+
경상남도 (내원사 계곡),warm up(dyno series),"35.435962,129.098943",,,12,푸른나래,6c+
경상남도 (내원사 계곡),warm up(dyno series),"35.435962,129.098943",,,13,나빌레라,"direct, 6c+"
경상남도 (내원사 계곡),warm up(dyno series),"35.435962,129.098943",,,14,first fight,"dyno3, ?"
경상남도 (내원사 계곡),answer of balance,"35.435962,129.098943",,,1,answer of balance,5
경상남도 (내원사 계곡),answer of balance,"35.435962,129.098943",,,2,hastala vista,6a
경상남도 (내원사 계곡),answer of balance,"35.435962,129.098943",,,3,hast la vista,6a
경상남도 (내원사 계곡),answer of balance,"35.435962,129.098943",,,4,balance to vista,6a+
경상남도 (내원사 계곡),mocking bird,"35.435962,129.098943",,,1,mocking bird,5
경상남도 (내원사 계곡),little boy,"35.435962,129.098943",,,1,little boy,4+
경상남도 (내원사 계곡),little boy,"35.435962,129.098943",,,2,little boy,"sit, 5"
경상남도 (내원사 계곡),little boy,"35.435962,129.098943",,,3,little boy,"left, 6a"
경상남도 (내원사 계곡),little boy,"35.435962,129.098943",,,4,little boy,"left, dyno, 6b+"
경상남도 (내원사 계곡),promereus,"35.435962,129.098943",,,1,맨발의 청춘,"direct, 6a"
경상남도 (내원사 계곡),promereus,"35.435962,129.098943",,,2,그루터기,6a+
경상남도 (내원사 계곡),promereus,"35.435962,129.098943",,,3,맨발의 청춘,6a+
경상남도 (내원사 계곡),promereus,"35.435962,129.098943",,,4,사려니,7a+
경상남도 (내원사 계곡),promereus,"35.435962,129.098943",,,5,promereus,7a+
경상남도 (내원사 계곡),promereus,"35.435962,129.098943",,,6,prometeus,"extention, 7b"
경상남도 (내원사 계곡),under bed,"35.435962,129.098943",,,1,there is no bed,6a+
경상남도 (내원사 계곡),under bed,"35.435962,129.098943",,,2,under bed,6a+
경상남도 (내원사 계곡),chups chups,"35.435962,129.098943",,,1,강원도의 힘,6a+
경상남도 (내원사 계곡),chups chups,"35.435962,129.098943",,,2,chups chups,7a+
경상남도 (내원사 계곡),치타와 제인,"35.435962,129.098943",,,1,치타와 제인,4
경상남도 (내원사 계곡),베지밀,"35.435962,129.098943",,,1,베지밀,3
경상남도 (내원사 계곡),물가,"35.435962,129.098943",,,1,물가,6a+
경상남도 (내원사 계곡),big storm,"35.435962,129.098943",,,1,위대한탄생,4
경상남도 (내원사 계곡),big storm,"35.435962,129.098943",,,2,용파리,6a
경상남도 (내원사 계곡),big storm,"35.435962,129.098943",,,3,big storm,"right, 6a+"
경상남도 (내원사 계곡),big storm,"35.435962,129.098943",,,4,big storm,"left, 6b+"
경상남도 (내원사 계곡),lingo star,"35.435962,129.098943",,,1,lingo star,6a+
경상남도 (내원사 계곡),용가리,"35.435962,129.098943",,,1,용가리,5
경상남도 (내원사 계곡),설레임,"35.435962,129.098943",,,1,봄바람,5
경상남도 (내원사 계곡),설레임,"35.435962,129.098943",,,2,봄바람,"right, 6a"
경상남도 (내원사 계곡),설레임,"35.435962,129.098943",,,3,rose bud,6b+
경상남도 (내원사 계곡),설레임,"35.435962,129.098943",,,4,봄나들이,6b+
경상남도 (내원사 계곡),설레임,"35.435962,129.098943",,,5,봄나드리,"left, 6b+"
경상남도 (내원사 계곡),설레임,"35.435962,129.098943",,,6,hypnotism,6v+
경상남도 (내원사 계곡),설레임,"35.435962,129.098943",,,7,봄나드리,"left,dyno, 6c+"
경상남도 (내원사 계곡),설레임,"35.435962,129.098943",,,8,rose bud,"right, 6c+"
경상남도 (내원사 계곡),설레임,"35.435962,129.098943",,,9,설레임,"left,sts, 7a+"
경상남도 (내원사 계곡),설레임,"35.435962,129.098943",,,10,rose bud,"sit,7a+"
경상남도 (내원사 계곡),설레임,"35.435962,129.098943",,,11,hypnotism,"left, 7a+"
경상남도 (내원사 계곡),설레임,"35.435962,129.098943",,,12,hypnotism,"left,sit, 7b"
경상남도 (내원사 계곡),설레임,"35.435962,129.098943",,,13,rose bud right,"sit, 7b"
경상남도 (내원사 계곡),설레임,"35.435962,129.098943",,,14,hypnotism,"sit, 7b+"
경상남도 (내원사 계곡),설레임,"35.435962,129.098943",,,15,설레임,7b+
경상남도 (내원사 계곡),설레임,"35.435962,129.098943",,,16,셀레임,"left, 7c"
경상남도 (내원사 계곡),스머프,"35.435962,129.098943",,,1,스머페트,6a
경상남도 (내원사 계곡),스머프,"35.435962,129.098943",,,2,이지라엘,6a
경상남도 (내원사 계곡),스머프,"35.435962,129.098943",,,3,가가멜,6a+
경상남도 (내원사 계곡),스머프,"35.435962,129.098943",,,4,smurf lunge,6c+
경상남도 (내원사 계곡),황소볼더,"35.435962,129.098943",,,1,소머리,"standing, 4"
경상남도 (내원사 계곡),황소볼더,"35.435962,129.098943",,,2,소머리,6a
경상남도 (내원사 계곡),황소볼더,"35.435962,129.098943",,,3,무소의 뿔처럼,6a
경상남도 (내원사 계곡),황소볼더,"35.435962,129.098943",,,4,소와 나무,6a+
경상남도 (내원사 계곡),황소볼더,"35.435962,129.098943",,,5,황소자리,6b+
경상남도 (내원사 계곡),황소볼더,"35.435962,129.098943",,,6,황소자리,"left, 6b+"
경상남도 (내원사 계곡),황소볼더,"35.435962,129.098943",,,7,황소자리,"direct, 6c+"
경상남도 (내원사 계곡),tetris,"35.435962,129.098943",,,1,tetris,5
경상남도 (내원사 계곡),tetris,"35.435962,129.098943",,,2,funky pinky,6a
경상남도 (내원사 계곡),tetris,"35.435962,129.098943",,,3,tetris,"right, 6a+"
경상남도 (내원사 계곡),deep throat,"35.435962,129.098943",,,1,morgen latte,5
경상남도 (내원사 계곡),deep throat,"35.435962,129.098943",,,2,deep throat,"left, 6b+"
경상남도 (내원사 계곡),deep throat,"35.435962,129.098943",,,3,deep throat,"right, 6c+"
경상남도 (내원사 계곡),보물섬,"35.435962,129.098943",,,1,hispaniola,6b+
경상남도 (내원사 계곡),보물섬,"35.435962,129.098943",,,2,보물섬,7a+
경상남도 (내원사 계곡),보물섬,"35.435962,129.098943",,,3,captain smollet,?
경상남도 (내원사 계곡),사라바라밀,"35.435962,129.098943",,,1,보시 바라밀,4
경상남도 (내원사 계곡),사라바라밀,"35.435962,129.098943",,,2,시라 바라밀,5
경상남도 (내원사 계곡),사라바라밀,"35.435962,129.098943",,,3,다나 바라밀,6a
경상남도 (내원사 계곡),불편해,"35.435962,129.098943",,,1,불편해,4
경상남도 (내원사 계곡),불편해,"35.435962,129.098943",,,2,불편해,"left, 5"
경상남도 (내원사 계곡),불편해,"35.435962,129.098943",,,3,불편해,"right, 6a"
경상남도 (내원사 계곡),불편해,"35.435962,129.098943",,,4,불편한 다이노,?
경상남도 (내원사 계곡),실버,"35.435962,129.098943",,,1,실버,?
경상남도 (내원사 계곡),철인28,"35.435962,129.098943",,,1,철인28,6a+
경상남도 (내원사 계곡),철인28,"35.435962,129.098943",,,2,철인28,"dyno, 6b+"
경상남도 (내원사 계곡),철인28,"35.435962,129.098943",,,3,철인28,"high dyno, ?"
경상남도 (내원사 계곡),반야바라밀,"35.435962,129.098943",,,1,반야바라밀,6a+
경상남도 (내원사 계곡),반야바라밀,"35.435962,129.098943",,,2,비리야 바라밀,6b
경상남도 (내원사 계곡),반야바라밀,"35.435962,129.098943",,,3,virya,"direct, 6c+"
경상남도 (내원사 계곡),november rain,"35.435962,129.098943",,,1,november rain,6b+
경상남도 (내원사 계곡),tiny tim,"35.435962,129.098943",,,1,tiny tim,5
경상남도 (내원사 계곡),tiny tim,"35.435962,129.098943",,,2,teeny tiny,6a+
경상남도 (내원사 계곡),tiny tim,"35.435962,129.098943",,,3,tiny tim,"direct, 6b+"
경상남도 (내원사 계곡),tiny tim,"35.435962,129.098943",,,4,defeat or destroy,"right, 6c"
경상남도 (내원사 계곡),tiny tim,"35.435962,129.098943",,,5,mindane utopia,?
경상남도 (내원사 계곡),tiny tim,"35.435962,129.098943",,,6,defeat or destroy,?
경상남도 (내원사 계곡),cuttle fish,"35.435962,129.098943",,,1,smell of cuttlefish,5
경상남도 (내원사 계곡),cuttle fish,"35.435962,129.098943",,,2,버들강아지,5
경상남도 (내원사 계곡),cuttle fish,"35.435962,129.098943",,,3,aisitteru traverse,6a+
경상남도 (내원사 계곡),나홀로 집에,"35.435962,129.098943",,,1,나홀로 집에,5
경상남도 (내원사 계곡),beast maker,"35.435962,129.098943",,,1,beast maker,"right, 6b+"
경상남도 (내원사 계곡),beast maker,"35.435962,129.098943",,,2,beast maker,6c+
경상남도 (내원사 계곡),beast maker,"35.435962,129.098943",,,3,no name,?
경상남도 (내원사 계곡),치아바타/.monolith,"35.435962,129.098943",,,1,monolith1,4
경상남도 (내원사 계곡),치아바타/.monolith,"35.435962,129.098943",,,2,치아바타1,5
경상남도 (내원사 계곡),치아바타/.monolith,"35.435962,129.098943",,,3,monolith2,"easy, 5"
경상남도 (내원사 계곡),치아바타/.monolith,"35.435962,129.098943",,,4,monolith3,5
경상남도 (내원사 계곡),치아바타/.monolith,"35.435962,129.098943",,,5,monolith2,6a
경상남도 (내원사 계곡),치아바타/.monolith,"35.435962,129.098943",,,6,치아바라3,6a+
경상남도 (내원사 계곡),치아바타/.monolith,"35.435962,129.098943",,,7,monolith5,6a+
경상남도 (내원사 계곡),치아바타/.monolith,"35.435962,129.098943",,,8,치아바타2,6b+
경상남도 (내원사 계곡),치아바타/.monolith,"35.435962,129.098943",,,9,monolith2,"dyno, 6b+"
경상남도 (내원사 계곡),치아바타/.monolith,"35.435962,129.098943",,,10,monolith4,6b+
경상남도 (내원사 계곡),치아바타/.monolith,"35.435962,129.098943",,,11,monolith1 dyno,7b
경상남도 (내원사 계곡),amber,"35.435962,129.098943",,,1,amber,?
경상남도 (내원사 계곡),지그제그,"35.435962,129.098943",,,1,지그제그,?
경상남도 (내원사 계곡),스쿠프,"35.435962,129.098943",,,1,엘란트라,"left, 6a"
경상남도 (내원사 계곡),스쿠프,"35.435962,129.098943",,,2,엘란트라,"sts, 6a"
경상남도 (내원사 계곡),스쿠프,"35.435962,129.098943",,,3,엘란트라,6a+
경상남도 (내원사 계곡),스쿠프,"35.435962,129.098943",,,4,스쿠프,7b
경상남도 (내원사 계곡),스텔라,"35.435962,129.098943",,,1,스텔라,5
경상남도 (내원사 계곡),le mans (르망),"35.435962,129.098943",,,1,르망,6a
경상남도 (내원사 계곡),le mans (르망),"35.435962,129.098943",,,2,르망,"direct, 6a+"
경상남도 (내원사 계곡),asymtote,"35.435962,129.098943",,,1,easy asymptote,4+
경상남도 (내원사 계곡),asymtote,"35.435962,129.098943",,,2,f**k you,"pay me, 6a"
경상남도 (내원사 계곡),asymtote,"35.435962,129.098943",,,3,intinite asymptote,"stand, 6a"
경상남도 (내원사 계곡),asymtote,"35.435962,129.098943",,,4,asymptote cross,6b+
경상남도 (내원사 계곡),asymtote,"35.435962,129.098943",,,5,intinite asymptote,7b
경상남도 (내원사 계곡),asymtote,"35.435962,129.098943",,,6,intinite asymptote extension,7c
경상남도 (내원사 계곡),asymtote,"35.435962,129.098943",,,7,asymtote,"extention,long, 7c+"
경상남도 (내원사 계곡),Sunday boulder,"35.435962,129.098943",,,1,벗꽃엔딩,"left, 4"
경상남도 (내원사 계곡),Sunday boulder,"35.435962,129.098943",,,2,벗꽃엔딩,6a
경상남도 (내원사 계곡),Sunday boulder,"35.435962,129.098943",,,3,church clothes,6a+
경상남도 (내원사 계곡),Sunday boulder,"35.435962,129.098943",,,4,아얌드림,6a+
경상남도 (내원사 계곡),Sunday boulder,"35.435962,129.098943",,,5,blow my back,6b+
경상남도 (내원사 계곡),Sunday boulder,"35.435962,129.098943",,,6,amazing green,"direct, 6b+"
경상남도 (내원사 계곡),Sunday boulder,"35.435962,129.098943",,,7,church clothes,"left, 6c+"
경상남도 (내원사 계곡),Sunday boulder,"35.435962,129.098943",,,8,amazing green,7a+
경상남도 (내원사 계곡),Sunday boulder,"35.435962,129.098943",,,9,blow my head,"direct, 7b"
경상남도 (내원사 계곡),Sunday boulder,"35.435962,129.098943",,,10,blow my head,7b
경상남도 (내원사 계곡),Sunday boulder,"35.435962,129.098943",,,11,pride or prejudice,7b
경상남도 (내원사 계곡),Sunday boulder,"35.435962,129.098943",,,12,generator,7c
경상남도 (내원사 계곡),impossible v2,"35.435962,129.098943",,,1,no name,4
경상남도 (내원사 계곡),impossible v2,"35.435962,129.098943",,,2,poly poly,"traverse, 6a+"
경상남도 (내원사 계곡),impossible v2,"35.435962,129.098943",,,3,no name,"sit, 6b"
경상남도 (내원사 계곡),impossible v2,"35.435962,129.098943",,,4,yuppie flue,"sts, 6c+"
경상남도 (내원사 계곡),impossible v2,"35.435962,129.098943",,,5,impossible v2,7a
경상남도 (내원사 계곡),impossible v2,"35.435962,129.098943",,,6,no name no big,"easy, 7a+"
경상남도 (내원사 계곡),impossible v2,"35.435962,129.098943",,,7,no name no big,"easy, 7a+"
경상남도 (내원사 계곡),impossible v2,"35.435962,129.098943",,,8,no name no big,7b+
경상남도 (내원사 계곡),impossible v2,"35.435962,129.098943",,,9,no name no big,7b+
경상남도 (내원사 계곡),impossible v2,"35.435962,129.098943",,,10,yuppie flue,"sit, 7b+"
경상남도 (내원사 계곡),impossible v2,"35.435962,129.098943",,,11,no name no big,"right, ?"
경상남도 (내원사 계곡),big screen(levitation),"35.435962,129.098943",,,1,물놀이,4
경상남도 (내원사 계곡),big screen(levitation),"35.435962,129.098943",,,2,blue man,4
경상남도 (내원사 계곡),big screen(levitation),"35.435962,129.098943",,,3,pink girl,4
경상남도 (내원사 계곡),big screen(levitation),"35.435962,129.098943",,,4,unnamed dihedral,6a
경상남도 (내원사 계곡),big screen(levitation),"35.435962,129.098943",,,5,blue man,"left, 6a"
경상남도 (내원사 계곡),big screen(levitation),"35.435962,129.098943",,,6,blue man,"left,dyno, 6a+"
경상남도 (내원사 계곡),big screen(levitation),"35.435962,129.098943",,,7,captain hook,"standig, 6b+"
경상남도 (내원사 계곡),big screen(levitation),"35.435962,129.098943",,,8,red man,6b+
경상남도 (내원사 계곡),big screen(levitation),"35.435962,129.098943",,,9,ebenezer,6c+
경상남도 (내원사 계곡),big screen(levitation),"35.435962,129.098943",,,10,pantaloons of geisha,7a
경상남도 (내원사 계곡),big screen(levitation),"35.435962,129.098943",,,11,cobra hand,7a+
경상남도 (내원사 계곡),big screen(levitation),"35.435962,129.098943",,,12,xiyouji(서유기),7a+
경상남도 (내원사 계곡),big screen(levitation),"35.435962,129.098943",,,13,삼가 고인의 명복을 빕니다,7b
경상남도 (내원사 계곡),big screen(levitation),"35.435962,129.098943",,,14,captain hook,7b
경상남도 (내원사 계곡),big screen(levitation),"35.435962,129.098943",,,15,목마와 숙녀,7b
경상남도 (내원사 계곡),big screen(levitation),"35.435962,129.098943",,,16,red man,"dyno, 7b"
경상남도 (내원사 계곡),big screen(levitation),"35.435962,129.098943",,,17,troyan horse,7b+
경상남도 (내원사 계곡),big screen(levitation),"35.435962,129.098943",,,18,levitation,7c
경상남도 (내원사 계곡),big screen(levitation),"35.435962,129.098943",,,19,optimus,7c
경상남도 (내원사 계곡),big screen(levitation),"35.435962,129.098943",,,20,roof project3,?
경상남도 (내원사 계곡),big screen(levitation),"35.435962,129.098943",,,21,roof project1,?
경상남도 (내원사 계곡),big screen(levitation),"35.435962,129.098943",,,22,roof project4,?
경상남도 (내원사 계곡),big screen(levitation),"35.435962,129.098943",,,23,ebenezer,"extention, ?"
경상남도 (내원사 계곡),big screen(levitation),"35.435962,129.098943",,,24,gaston project,?
경상남도 (내원사 계곡),smooth while raw,"35.435962,129.098943",,,1,smooth while raw,7a
경상남도 (내원사 계곡),smooth while raw,"35.435962,129.098943",,,2,smooth while raw,"extention, 7b"
경상남도 (내원사 계곡),smooth while raw,"35.435962,129.098943",,,3,no name,?
경상남도 (내원사 계곡),ankle semi,"35.435962,129.098943",,,1,ankle sami,6a
경상남도 (내원사 계곡),ankle semi,"35.435962,129.098943",,,2,anandamide,6a+
경상남도 (내원사 계곡),ankle semi,"35.435962,129.098943",,,3,no name dyno,?
경상남도 (내원사 계곡),low dosage,"35.435962,129.098943",,,1,low dosage,5
경상남도 (내원사 계곡),sun kissed,"35.435962,129.098943",,,1,자투리,4
경상남도 (내원사 계곡),sun kissed,"35.435962,129.098943",,,2,puppet master,6a
경상남도 (내원사 계곡),sun kissed,"35.435962,129.098943",,,3,puppet master,"sit, 6a+"
경상남도 (내원사 계곡),sun kissed,"35.435962,129.098943",,,4,the scale,6a+
경상남도 (내원사 계곡),sun kissed,"35.435962,129.098943",,,5,자투리,"sit, 6a+"
경상남도 (내원사 계곡),sun kissed,"35.435962,129.098943",,,6,sun kissed,6b+
경상남도 (내원사 계곡),Sunday boulder(east),"35.435962,129.098943",,,1,retro girls,5
경상남도 (내원사 계곡),Sunday boulder(east),"35.435962,129.098943",,,2,Saturday's walk another day's obatacle,6b+
경상남도 (내원사 계곡),Sunday boulder(east),"35.435962,129.098943",,,3,cheeky monkey,7a+
경상남도 (내원사 계곡),Sunday boulder(east),"35.435962,129.098943",,,4,cheeky flip,7b
경상남도 (내원사 계곡),Sunday boulder(east),"35.435962,129.098943",,,5,cheeky flip,"direct, 7b+"
경상남도 (내원사 계곡),Sunday boulder(east),"35.435962,129.098943",,,6,egg and potato,7b+
경상남도 (내원사 계곡),Sunday boulder(east),"35.435962,129.098943",,,7,egg and photato,"sit, 7c"
경상남도 (내원사 계곡),metanoia,"35.435962,129.098943",,,1,싱거워,6c+
경상남도 (내원사 계곡),metanoia,"35.435962,129.098943",,,2,metanoia,7b
경상남도 (내원사 계곡),listo el polo,"35.435962,129.098943",,,1,여우비,"direct, 6a+"
경상남도 (내원사 계곡),listo el polo,"35.435962,129.098943",,,2,여우비,6b+
경상남도 (내원사 계곡),listo el polo,"35.435962,129.098943",,,3,apollo,7b
경상남도 (내원사 계곡),listo el polo,"35.435962,129.098943",,,4,listo el polo,"direct,sts, 7b"
경상남도 (내원사 계곡),listo el polo,"35.435962,129.098943",,,5,listo el polo,7b+
경상남도 (내원사 계곡),listo el polo,"35.435962,129.098943",,,6,listo dl polo,"direct, 7c"
경상남도 (내원사 계곡),listo el polo,"35.435962,129.098943",,,7,apollo,"sit, 7c"
경상남도 (내원사 계곡),아래 뱃길,"35.435962,129.098943",,,1,아래 뱃길,4
경상남도 (내원사 계곡),아래 뱃길,"35.435962,129.098943",,,2,pay no mind,6a
경상남도 (내원사 계곡),아래 뱃길,"35.435962,129.098943",,,3,배 멀미,"dyno, ?"
경상남도 (내원사 계곡),아래 뱃길,"35.435962,129.098943",,,4,센과 치히로의 행방불명,?
경상남도 (내원사 계곡),ninja slab,"35.435962,129.098943",,,1,warm up slab,3
경상남도 (내원사 계곡),ninja slab,"35.435962,129.098943",,,2,warm up crack,"right, 4"
경상남도 (내원사 계곡),ninja slab,"35.435962,129.098943",,,3,filthy ninja thicks,5
경상남도 (내원사 계곡),ninja slab,"35.435962,129.098943",,,4,warm up crack,"left, 5"
경상남도 (내원사 계곡),ninja slab,"35.435962,129.098943",,,5,classic,"right, 5"
경상남도 (내원사 계곡),ninja slab,"35.435962,129.098943",,,6,classic,"left, 6a"
경상남도 (내원사 계곡),ninja slab,"35.435962,129.098943",,,7,filthy ninja tricks,"direct, 6a"
경상남도 (내원사 계곡),ninja slab,"35.435962,129.098943",,,8,mental problem,6b
경상남도 (내원사 계곡),ninja slab,"35.435962,129.098943",,,9,saulabi skill,6c+
경상남도 (내원사 계곡),fung fang fu,"35.435962,129.098943",,,1,예그리나,6a
경상남도 (내원사 계곡),fung fang fu,"35.435962,129.098943",,,2,back to the fu,6a+
경상남도 (내원사 계곡),fung fang fu,"35.435962,129.098943",,,3,back to the fu,6a+
경상남도 (내원사 계곡),fung fang fu,"35.435962,129.098943",,,4,예그리나 traverse,6a+
경상남도 (내원사 계곡),fung fang fu,"35.435962,129.098943",,,5,sneaky dyno,6a+
경상남도 (내원사 계곡),fung fang fu,"35.435962,129.098943",,,6,예그리나,"sit, 6c+"
경상남도 (내원사 계곡),fung fang fu,"35.435962,129.098943",,,7,fung fang fu,7a+
경상남도 (내원사 계곡),fung fang fu,"35.435962,129.098943",,,8,kaffa,7b
경상남도 (내원사 계곡),fung fang fu,"35.435962,129.098943",,,9,garua,"part2, 7b"
경상남도 (내원사 계곡),fung fang fu,"35.435962,129.098943",,,10,garua,"right, 7b+"
경상남도 (내원사 계곡),fung fang fu,"35.435962,129.098943",,,11,garua,"right, 8b+"
경상남도 (내원사 계곡),fung fang fu,"35.435962,129.098943",,,12,마부위침,7c
경상남도 (내원사 계곡),fung fang fu,"35.435962,129.098943",,,13,garua,7c+
경상남도 (내원사 계곡),fung fang fu,"35.435962,129.098943",,,14,garua,?
경상남도 (내원사 계곡),iron stake,"35.435962,129.098943",,,1,iron stake1,6a
경상남도 (내원사 계곡),iron stake,"35.435962,129.098943",,,2,better than nothing,6a
경상남도 (내원사 계곡),iron stake,"35.435962,129.098943",,,3,iron stake2,6a+
경상남도 (내원사 계곡),iron stake,"35.435962,129.098943",,,4,iron stake3,6a+
경상남도 (내원사 계곡),iron stake,"35.435962,129.098943",,,5,better than nothing,lowm 6a+
경상남도 (내원사 계곡),iron stake,"35.435962,129.098943",,,6,iron stake2 big dyno,?
경상남도 (내원사 계곡),비키니,"35.435962,129.098943",,,1,corn silk,4
경상남도 (내원사 계곡),비키니,"35.435962,129.098943",,,2,bikini,"direct, 4"
경상남도 (내원사 계곡),비키니,"35.435962,129.098943",,,3,bikini,5
경상남도 (내원사 계곡),비키니,"35.435962,129.098943",,,4,flying chicken,6a+
경상남도 (내원사 계곡),비키니,"35.435962,129.098943",,,5,flying chickwn,"dyno1, 6b+"
경상남도 (내원사 계곡),비키니,"35.435962,129.098943",,,6,iron cross,"easy, 6b+"
경상남도 (내원사 계곡),비키니,"35.435962,129.098943",,,7,kv2,6c+
경상남도 (내원사 계곡),비키니,"35.435962,129.098943",,,8,flying chicken,"dyno2, 6c+"
경상남도 (내원사 계곡),비키니,"35.435962,129.098943",,,9,daddy long legs,7a+
경상남도 (내원사 계곡),비키니,"35.435962,129.098943",,,10,enemy of iron man,7b
경상남도 (내원사 계곡),비키니,"35.435962,129.098943",,,11,iron cross,7b
경상남도 (내원사 계곡),비키니,"35.435962,129.098943",,,12,천상의 다이노,7b
경상남도 (내원사 계곡),비키니,"35.435962,129.098943",,,13,daddy long legs,"sit, 7b+"
경상남도 (내원사 계곡),비키니,"35.435962,129.098943",,,14,enemy of iron man,"left, 7b+"
경상남도 (내원사 계곡),비키니,"35.435962,129.098943",,,15,kv3,7b+
경상남도 (내원사 계곡),비키니,"35.435962,129.098943",,,16,big mamma fat lips,7c+
경상남도 (내원사 계곡),moulin rouge traverse,"35.435962,129.098943",,,1,moulin rouge traverse,7a
경상남도 (내원사 계곡),moulin rouge traverse,"35.435962,129.098943",,,2,moulin rouge,"sit, 7a+"
경상남도 (내원사 계곡),solid snake,"35.435962,129.098943",,,1,dirty dance,6a+
경상남도 (내원사 계곡),solid snake,"35.435962,129.098943",,,2,doctor pinch,6a+
경상남도 (내원사 계곡),solid snake,"35.435962,129.098943",,,3,solid snake,6b+
경상남도 (내원사 계곡),solid snake,"35.435962,129.098943",,,4,solid snake,"right, 6c+"
경상남도 (내원사 계곡),solid snake,"35.435962,129.098943",,,5,elusive honey butter chip,7a+
경상남도 (내원사 계곡),solid snake,"35.435962,129.098943",,,6,비나리,7a+
경상남도 (내원사 계곡),solid snake,"35.435962,129.098943",,,7,one legged frog,7b
경상남도 (내원사 계곡),solid snake,"35.435962,129.098943",,,8,비나리,"extention, 7b"
경상남도 (내원사 계곡),solid snake,"35.435962,129.098943",,,9,비나리,"left,standing, 7b"
경상남도 (내원사 계곡),solid snake,"35.435962,129.098943",,,10,war of the world,7b+
경상남도 (내원사 계곡),solid snake,"35.435962,129.098943",,,11,solid snake,"right,direct, 7b+"
경상남도 (내원사 계곡),solid snake,"35.435962,129.098943",,,12,war of the world,"direct, 7c+"
경상남도 (내원사 계곡),altar,"35.435962,129.098943",,,1,altar,6a
경상남도 (내원사 계곡),altar,"35.435962,129.098943",,,2,altar,"direct, 6a+"
경상남도 (내원사 계곡),altar,"35.435962,129.098943",,,3,altar dyno,7a+
경상남도 (내원사 계곡),흐린기억 속으로,"35.435962,129.098943",,,1,나비,3
경상남도 (내원사 계곡),흐린기억 속으로,"35.435962,129.098943",,,2,흐린 기억 속으로,6a+
경상남도 (내원사 계곡),tico,"35.435962,129.098943",,,1,tico,4
경상남도 (내원사 계곡),tico,"35.435962,129.098943",,,2,pride,5
경상남도 (내원사 계곡),waiting to be named,"35.435962,129.098943",,,1,마!,5
경상남도 (내원사 계곡),waiting to be named,"35.435962,129.098943",,,2,waiting to be named,5+
경상남도 (내원사 계곡),waiting to be named,"35.435962,129.098943",,,3,마!,"left, 6a"
경상남도 (내원사 계곡),armade,"35.435962,129.098943",,,1,서시,3
경상남도 (내원사 계곡),armade,"35.435962,129.098943",,,2,별하나의 추억,3
경상남도 (내원사 계곡),armade,"35.435962,129.098943",,,3,바람,4+
경상남도 (내원사 계곡),armade,"35.435962,129.098943",,,4,잎새,5
경상남도 (내원사 계곡),armade,"35.435962,129.098943",,,5,주차금지,6a
경상남도 (내원사 계곡),armade,"35.435962,129.098943",,,6,armada,7a+
경상남도 (내원사 계곡),last score,"35.435962,129.098943",,,1,syren,7b+
경상남도 (내원사 계곡),last score,"35.435962,129.098943",,,2,last score,7b+
경상남도 (내원사 계곡),last score,"35.435962,129.098943",,,3,syren,"low,7c"
경상남도 (내원사 계곡),last score,"35.435962,129.098943",,,4,last score,"sit, 7c+"
경상남도 (내원사 계곡),dong dong poo,"35.435962,129.098943",,,1,쉬운길,3
경상남도 (내원사 계곡),dong dong poo,"35.435962,129.098943",,,2,show me the money,4+
경상남도 (내원사 계곡),dong dong poo,"35.435962,129.098943",,,3,show me the money,"right, 6a"
경상남도 (내원사 계곡),dong dong poo,"35.435962,129.098943",,,4,길거나 걸거나,6a+
경상남도 (내원사 계곡),dong dong poo,"35.435962,129.098943",,,5,dong dong poo,7a
경상남도 (내원사 계곡),dong dong poo,"35.435962,129.098943",,,6,punctum,7a+
경상남도 (내원사 계곡),dong dong poo,"35.435962,129.098943",,,7,dong dong poo,"inside, 7a+"
경상남도 (내원사 계곡),dong dong poo,"35.435962,129.098943",,,8,dong dong poo,"direct, 7b"
경상남도 (내원사 계곡),만만한 길,"35.435962,129.098943",,,1,만만한 길,5
경상남도 (내원사 계곡),submarine,"35.435962,129.098943",,,1,잠망경,4
경상남도 (내원사 계곡),submarine,"35.435962,129.098943",,,2,subarine,6a+
경상남도 (내원사 계곡),submarine,"35.435962,129.098943",,,3,god's most beautiful mistake,?
경상남도 (내원사 계곡),slde away,"35.435962,129.098943",,,1,supersonic,6c+
경상남도 (내원사 계곡),slde away,"35.435962,129.098943",,,2,side away,6c+
경상남도 (내원사 계곡),shark,"35.435962,129.098943",,,1,campusing baby,4
경상남도 (내원사 계곡),shark,"35.435962,129.098943",,,2,little shark,5
경상남도 (내원사 계곡),shark,"35.435962,129.098943",,,3,anachronism,7a+
경상남도 (내원사 계곡),shark,"35.435962,129.098943",,,4,백상어1,7c
경상남도 (내원사 계곡),shark,"35.435962,129.098943",,,5,백상어2,7c+
경상남도 (내원사 계곡),잊혀진 계절,"35.435962,129.098943",,,1,easy arete,5
경상남도 (내원사 계곡),잊혀진 계절,"35.435962,129.098943",,,2,잊혀진 계절,6a+
경상남도 (내원사 계곡),thriller,"35.435962,129.098943",,,1,thriller,6c+
경상남도 (내원사 계곡),thriller,"35.435962,129.098943",,,2,beat it,7a+
경상남도 (내원사 계곡),thriller,"35.435962,129.098943",,,3,beat it,7a+
경상남도 (내원사 계곡),못난이,"35.435962,129.098943",,,1,이쁜이,4
경상남도 (내원사 계곡),못난이,"35.435962,129.098943",,,2,못난이,5
경상남도 (내원사 계곡),long dong silver,"35.435962,129.098943",,,1,long dong silver,"easy, 6a+"
경상남도 (내원사 계곡),long dong silver,"35.435962,129.098943",,,2,long dong silver,6c
경상남도 (내원사 계곡),long dong silver,"35.435962,129.098943",,,3,혹성탈출,6c+
경상남도 (내원사 계곡),long dong silver,"35.435962,129.098943",,,4,strategery,7a+
경상남도 (내원사 계곡),diamond,"35.435962,129.098943",,,1,diamond traverse,"easy, 6a"
경상남도 (내원사 계곡),diamond,"35.435962,129.098943",,,2,diamond thives,6a+
경상남도 (내원사 계곡),diamond,"35.435962,129.098943",,,3,horse With no name,6A+
경상남도 (내원사 계곡),diamond,"35.435962,129.098943",,,4,Horse with no name,6A+
경상남도 (내원사 계곡),diamond,"35.435962,129.098943",,,5,Diamond Forever,6B+
경상남도 (내원사 계곡),diamond,"35.435962,129.098943",,,6,Copper Pyrites,6C
경상남도 (내원사 계곡),diamond,"35.435962,129.098943",,,7,Monkey and monks,6C+
경상남도 (내원사 계곡),diamond,"35.435962,129.098943",,,8,Diamond twist,6C+
경상남도 (내원사 계곡),diamond,"35.435962,129.098943",,,9,Diamond 135°,6C+
경상남도 (내원사 계곡),diamond,"35.435962,129.098943",,,10,아사다라,6c+
경상남도 (내원사 계곡),diamond,"35.435962,129.098943",,,11,아사다라,"dyno, 6c+"
경상남도 (내원사 계곡),diamond,"35.435962,129.098943",,,12,diamond traverse,6c+
경상남도 (내원사 계곡),diamond,"35.435962,129.098943",,,13,diamond 135,"lunge, 7a+"
경상남도 (내원사 계곡),diamond,"35.435962,129.098943",,,14,휘둘램,7b
경상남도 (내원사 계곡),diamond,"35.435962,129.098943",,,15,monkey and monks,"left hand, 7b"
경상남도 (내원사 계곡),diamond,"35.435962,129.098943",,,16,시월애,7b
경상남도 (내원사 계곡),diamond,"35.435962,129.098943",,,17,monkey and monks,"sit, 7b"
경상남도 (내원사 계곡),diamond,"35.435962,129.098943",,,18,비빔밥,7b
경상남도 (내원사 계곡),diamond,"35.435962,129.098943",,,19,시월애,"sit, 7c"
경상남도 (내원사 계곡),diamond,"35.435962,129.098943",,,20,monkey and monks left hand,"sit, 7c"
경상남도 (내원사 계곡),diamond,"35.435962,129.098943",,,21,monkey and monks,"left match, ?"
경상남도 (내원사 계곡),mama mia,"35.435962,129.098943",,,1,mama mia,"direct, 6a"
경상남도 (내원사 계곡),mama mia,"35.435962,129.098943",,,2,mama mia,6c
경상남도 (내원사 계곡),mama mia,"35.435962,129.098943",,,3,괜찮아,6c+
경상남도 (내원사 계곡),electric boogie,"35.435962,129.098943",,,1,electric boogie,3
경상남도 (내원사 계곡),swamp foot,"35.435962,129.098943",,,1,mr.deeds,4+
경상남도 (내원사 계곡),swamp foot,"35.435962,129.098943",,,2,swamp foot,6c+
경상남도 (내원사 계곡),swamp foot,"35.435962,129.098943",,,3,kill bill,6c+
경상남도 (내원사 계곡),swamp foot,"35.435962,129.098943",,,4,scattering blood,7b
경상남도 (내원사 계곡),가을알이,"35.435962,129.098943",,,1,black coffee,4
경상남도 (내원사 계곡),가을알이,"35.435962,129.098943",,,2,곱사위,5
경상남도 (내원사 계곡),가을알이,"35.435962,129.098943",,,3,가을알이,6a
경상남도 (내원사 계곡),가을알이,"35.435962,129.098943",,,4,카인과 아벨,6a
경상남도 (내원사 계곡),가을알이,"35.435962,129.098943",,,5,외사위,6a+
경상남도 (내원사 계곡),maze runner,"35.435962,129.098943",,,1,ㄴ',5
경상남도 (내원사 계곡),maze runner,"35.435962,129.098943",,,2,red bull,6b+
경상남도 (내원사 계곡),maze runner,"35.435962,129.098943",,,3,maze runner,6c+
경상남도 (내원사 계곡),nothing heel,"35.435962,129.098943",,,1,nothing heel,4
경상남도 (내원사 계곡),nothing heel,"35.435962,129.098943",,,2,nothing heel,"right, 6a"
경상남도 (내원사 계곡),domino,"35.435962,129.098943",,,1,one shot,5
경상남도 (내원사 계곡),domino,"35.435962,129.098943",,,2,domino,6a
경상남도 (내원사 계곡),pulp fiction,"35.435962,129.098943",,,1,pulp fiction,7a+
경상남도 (내원사 계곡),무임승차,"35.435962,129.098943",,,1,무임승차,6a+
경상남도 (내원사 계곡),무임승차,"35.435962,129.098943",,,2,무임승차,"right, 6b+"
경상남도 (내원사 계곡),무임승차,"35.435962,129.098943",,,3,butty dyno,?
경상남도 (내원사 계곡),다리아래서,"35.435962,129.098943",,,1,다리 아래서,?
경상남도 (내원사 계곡),pieta,"35.435962,129.098943",,,1,v3,6a+
경상남도 (내원사 계곡),pieta,"35.435962,129.098943",,,2,v3/v3,6c+
경상남도 (내원사 계곡),pieta,"35.435962,129.098943",,,3,pieta,"standing,6c+"
경상남도 (내원사 계곡),pieta,"35.435962,129.098943",,,4,just another V3,7a+
경상남도 (내원사 계곡),pieta,"35.435962,129.098943",,,5,pieta,7c
경상남도 (내원사 계곡),pieta,"35.435962,129.098943",,,6,memphis,7c+
경상남도 (내원사 계곡),hard like Sunday morning,"35.435962,129.098943",,,1,easy like Sunday morning,4
경상남도 (내원사 계곡),hard like Sunday morning,"35.435962,129.098943",,,2,unknown slab,4
경상남도 (내원사 계곡),hard like Sunday morning,"35.435962,129.098943",,,3,happy Sunday,4
경상남도 (내원사 계곡),hard like Sunday morning,"35.435962,129.098943",,,4,Sunday traverse,4
경상남도 (내원사 계곡),hard like Sunday morning,"35.435962,129.098943",,,5,hard like Sunday afternoon,6b+
경상남도 (내원사 계곡),hard like Sunday morning,"35.435962,129.098943",,,6,hard like,"direct, 6c+"
경상남도 (내원사 계곡),hard like Sunday morning,"35.435962,129.098943",,,7,hard like,"left, 7a+"
경상남도 (내원사 계곡),hard like Sunday morning,"35.435962,129.098943",,,8,anti corona,7b
경상남도 (내원사 계곡),R'apido,"35.435962,129.098943",,,1,poco a poco,"sit, 4"
경상남도 (내원사 계곡),R'apido,"35.435962,129.098943",,,2,Ra'pido,6a
경상남도 (내원사 계곡),U Boat,"35.435962,129.098943",,,1,U-Boat,4
경상남도 (내원사 계곡),U Boat,"35.435962,129.098943",,,2,sea wolf,6a+
경상남도 (내원사 계곡),U Boat,"35.435962,129.098943",,,3,kilo,6b+
경상남도 (내원사 계곡),U Boat,"35.435962,129.098943",,,4,babosa(민달팽이),7b
경상남도 (내원사 계곡),U Boat,"35.435962,129.098943",,,5,footless typhoon,?
경상남도 (내원사 계곡),pocari sweat,"35.435962,129.098943",,,1,pocare sweat,7b
경상남도 (내원사 계곡),가을 하늘 아래,"35.435962,129.098943",,,1,green fingers,"sts, 4"
경상남도 (내원사 계곡),가을 하늘 아래,"35.435962,129.098943",,,2,누구나,4
경상남도 (내원사 계곡),가을 하늘 아래,"35.435962,129.098943",,,3,매트릭스,4
경상남도 (내원사 계곡),가을 하늘 아래,"35.435962,129.098943",,,4,천성산 가는길,5
경상남도 (내원사 계곡),가을 하늘 아래,"35.435962,129.098943",,,5,mu mu,6a+
경상남도 (내원사 계곡),가을 하늘 아래,"35.435962,129.098943",,,6,mu mu,"right, 6a+"
경상남도 (내원사 계곡),가을 하늘 아래,"35.435962,129.098943",,,7,green fingers,6b+
경상남도 (내원사 계곡),가을 하늘 아래,"35.435962,129.098943",,,8,ruin,6b+
경상남도 (내원사 계곡),가을 하늘 아래,"35.435962,129.098943",,,9,가을 하늘 아래,7a+
경상남도 (내원사 계곡),pigeon traverse,"35.435962,129.098943",,,1,pigeon traverse,6a+
경상남도 (내원사 계곡),hadeth,"35.435962,129.098943",,,1,인어공주,6a
경상남도 (내원사 계곡),hadeth,"35.435962,129.098943",,,2,hadeth,6c+
경상남도 (내원사 계곡),참치와 계란,"35.435962,129.098943",,,1,참치엔 상치,4
경상남도 (내원사 계곡),참치와 계란,"35.435962,129.098943",,,2,계란엔 마요네즈,6a
경상남도 (내원사 계곡),스카벤져,"35.435962,129.098943",,,1,노답,6a+
경상남도 (내원사 계곡),스카벤져,"35.435962,129.098943",,,2,고민하지 마,6c+
경상남도 (내원사 계곡),스카벤져,"35.435962,129.098943",,,3,scavenfer,7b
경상남도 (내원사 계곡),old boy,"35.435962,129.098943",,,1,old boy1,3
경상남도 (내원사 계곡),old boy,"35.435962,129.098943",,,2,old boy2,3
경상남도 (내원사 계곡),old boy,"35.435962,129.098943",,,3,old boy3,3
경상남도 (내원사 계곡),small cave,"35.435962,129.098943",,,1,small cave1,3
경상남도 (내원사 계곡),small cave,"35.435962,129.098943",,,2,small cave2,4
경상남도 (내원사 계곡),freshman,"35.435962,129.098943",,,1,flashman1,3
경상남도 (내원사 계곡),freshman,"35.435962,129.098943",,,2,flashman2,3
경상남도 (내원사 계곡),happy tree,"35.435962,129.098943",,,1,happy tree2,4+
경상남도 (내원사 계곡),happy tree,"35.435962,129.098943",,,2,happy tree1,6b+
경상남도 (내원사 계곡),fall out,"35.435962,129.098943",,,1,fall out,6b+
경상남도 (내원사 계곡),fall out,"35.435962,129.098943",,,2,rain,6c+
경상남도 (내원사 계곡),fall out,"35.435962,129.098943",,,3,fall out,"sit, 7a+"
경상남도 (내원사 계곡),hell gate,"35.435962,129.098943",,,1,hell gate,?
경상남도 (내원사 계곡),upper cannie,"35.435962,129.098943",,,1,upper cannie,"left, 6a"
경상남도 (내원사 계곡),upper cannie,"35.435962,129.098943",,,2,upper cannie/윗 송곳니,6c+
경상남도 (내원사 계곡),upper cannie,"35.435962,129.098943",,,3,감자봤노?,6c+
경상남도 (내원사 계곡),upper cannie,"35.435962,129.098943",,,4,감 자봤노?,6c+
경상남도 (내원사 계곡),민물장어의 꿈,"35.435962,129.098943",,,1,민물장어의 꿈,7b+
경상남도 (내원사 계곡),꽃샘,"35.435962,129.098943",,,1,꽃샘,6a
경상남도 (내원사 계곡),꽃샘,"35.435962,129.098943",,,2,꽃샘,"right, 6c+"
경상남도 (내원사 계곡),꽃샘,"35.435962,129.098943",,,3,enigma,"sit, 7a+"
경상남도 (내원사 계곡),아띠,"35.435962,129.098943",,,1,아띠,6a+
경상남도 (내원사 계곡),아띠,"35.435962,129.098943",,,2,아리아띠,6b+
경상남도 (내원사 계곡),아띠,"35.435962,129.098943",,,3,unnamed,?
경상남도 (내원사 계곡),imitation game,"35.435962,129.098943",,,1,imitation game,6c+
경상남도 (내원사 계곡),tentacle,"35.435962,129.098943",,,1,tentacle warmup2,4
경상남도 (내원사 계곡),tentacle,"35.435962,129.098943",,,2,tentacle warmup,5
경상남도 (내원사 계곡),tentacle,"35.435962,129.098943",,,3,day of the tentacle,7a+
경상남도 (내원사 계곡),tentacle,"35.435962,129.098943",,,4,day of tentacle,"sit, 7c"
경상남도 (내원사 계곡),신라,"35.435962,129.098943",,,1,baekje,7a
경상남도 (내원사 계곡),신라,"35.435962,129.098943",,,2,가야,7b+
경상남도 (내원사 계곡),신라,"35.435962,129.098943",,,3,slilla,7c
경상남도 (내원사 계곡),누군가 올랐던길,"35.435962,129.098943",,,1,누군가 올랐던 길,?
경상남도 (내원사 계곡),black pearl,"35.435962,129.098943",,,1,black pearl standing,6a
경상남도 (내원사 계곡),black pearl,"35.435962,129.098943",,,2,black pearl2,6c
경상남도 (내원사 계곡),black pearl,"35.435962,129.098943",,,3,black pearl sit,6c+
경상남도 (내원사 계곡),big arete,"35.435962,129.098943",,,1,big arete,"sit, 4"
경상남도 (내원사 계곡),big arete,"35.435962,129.098943",,,2,big brother,"sit, 4"
경상남도 (내원사 계곡),big arete,"35.435962,129.098943",,,3,forcey,"sit, 6a"
경상남도 (내원사 계곡),big arete,"35.435962,129.098943",,,4,by faith,"I fly, 6a+"
경상남도 (내원사 계곡),big arete,"35.435962,129.098943",,,5,어처구니,"sts, 6a+"
경상남도 (내원사 계곡),big arete,"35.435962,129.098943",,,6,어처구니,6b+
경상남도 (내원사 계곡),big arete,"35.435962,129.098943",,,7,mustang,"sts, 7a+"
경상남도 (내원사 계곡),big arete,"35.435962,129.098943",,,8,어이가 없네,?
경상남도 (내원사 계곡),atlantis,"35.435962,129.098943",,,1,atlantis,?
경상남도 (내원사 계곡),sirius,"35.435962,129.098943",,,1,sirius,?
경상남도 경주 (namsan),stash box,"35.771371,129.218107",,,1,1time,6a
경상남도 경주 (namsan),stash box,"35.771371,129.218107",,,2,mf focus,7b
경상남도 경주 (namsan),pull out,"35.771371,129.218107",,,1,5000,3
경상남도 경주 (namsan),pull out,"35.771371,129.218107",,,2,pipedream,3
경상남도 경주 (namsan),pull out,"35.771371,129.218107",,,3,2415,6a
경상남도 경주 (namsan),pull out,"35.771371,129.218107",,,4,8ball,6a+
경상남도 경주 (namsan),pull out,"35.771371,129.218107",,,5,0g4life,7b
부산 금곡동,gps639,"35.261308,129.023127",,,1,gps639,?
부산 금곡동,b52,"35.261308,129.023127",,,1,b52,?
부산 금곡동,black duck,"35.261308,129.023127",,,1,black duck,?
부산 금곡동,ant man,"35.261308,129.023127",,,1,ant man,3
부산 금곡동,the cube,"35.261308,129.023127",,,1,the cube,?
부산 금곡동,sunshine traverse,"35.261308,129.023127",,,1,wave of rock,3
부산 금곡동,sunshine traverse,"35.261308,129.023127",,,2,sunshine traverse,6a
부산 금곡동,sunshine traverse,"35.261308,129.023127",,,3,태양의 그림자,?
부산 금곡동,좁은방,"35.261308,129.023127",,,1,좁은방,6a
부산 금곡동,happy Sunday,"35.261308,129.023127",,,1,happy Sunday,4
부산 금곡동,stein man,"35.261308,129.023127",,,1,stein man,5
부산 금곡동,겨울나비,"35.261308,129.023127",,,1,겨울나비,6a+
부산 금곡동,겨울나비,"35.261308,129.023127",,,2,hesper,7b
부산 금곡동,floating zone,"35.261308,129.023127",,,1,옻칠,4
부산 금곡동,floating zone,"35.261308,129.023127",,,2,floating zone,5
부산 금곡동,floating zone,"35.261308,129.023127",,,3,blade runner,6a
부산 금곡동,floating zone,"35.261308,129.023127",,,4,밑천,6b+
부산 금곡동,floating zone,"35.261308,129.023127",,,5,tabula lasa,6c+
부산 금곡동,gps407,"35.261308,129.023127",,,1,gps407,3
부산 금곡동,생강,"35.261308,129.023127",,,1,생강,4
부산 금곡동,gps297,"35.261308,129.023127",,,1,gps297,?
부산 금곡동,갈무리,"35.261308,129.023127",,,1,갈무리,"right, 6a"
부산 금곡동,갈무리,"35.261308,129.023127",,,2,갈무리,6a+
부산 금곡동,화목타운,"35.261308,129.023127",,,1,화목타운,6a+
부산 금곡동,big step,"35.261308,129.023127",,,1,big step,7b+
부산 금곡동,big step,"35.261308,129.023127",,,2,심연,?
부산 금곡동,big step,"35.261308,129.023127",,,3,beyond big step,?
부산 금곡동,스펀지 밥,"35.261308,129.023127",,,1,스펀지 밥,4
부산 금곡동,magic flower,"35.261308,129.023127",,,1,magic flower,6a
부산 금곡동,magic flower,"35.261308,129.023127",,,2,magic flower,"low, 6c+"
부산 금곡동,beluga,"35.261308,129.023127",,,1,beluga,7a+
부산 금곡동,gps213,"35.261308,129.023127",,,1,gps213,?
부산 금곡동,the y,"35.261308,129.023127",,,1,빈둥빈중,3
부산 금곡동,the y,"35.261308,129.023127",,,2,둥실 둥실,3
부산 금곡동,the y,"35.261308,129.023127",,,3,the y,6a
부산 금곡동,the y,"35.261308,129.023127",,,4,twin horn,6b+
부산 금곡동,송골매,"35.261308,129.023127",,,1,송골매,?
부산 금곡동,주객전도,"35.261308,129.023127",,,1,주객전도,6a+
부산 금곡동,사각이네,"35.261308,129.023127",,,1,사각이네,6b+
부산 금곡동,겨울연가,"35.261308,129.023127",,,1,겨울연가,6a
부산 금곡동,gps682,"35.261308,129.023127",,,1,gps682,?
부산 금곡동,chicken power,"35.261308,129.023127",,,1,기억의 저편에,4
부산 금곡동,chicken power,"35.261308,129.023127",,,2,기억의 저편에,"left, 4"
부산 금곡동,chicken power,"35.261308,129.023127",,,3,chicken power,6b+
부산 금곡동,태평가,"35.261308,129.023127",,,1,아가미,5
부산 금곡동,태평가,"35.261308,129.023127",,,2,태평가,6c+
부산 금곡동,magic bullet,"35.261308,129.023127",,,1,차카니200,6a
부산 금곡동,magic bullet,"35.261308,129.023127",,,2,차카니300,6a+
부산 금곡동,magic bullet,"35.261308,129.023127",,,3,bagic bullet,7b+
부산 금곡동,magic bullet,"35.261308,129.023127",,,4,magic bullet,"direct, 7c"
부산 금곡동,gps981,"35.261308,129.023127",,,1,gps981,?
부산 금곡동,gps539,"35.261308,129.023127",,,1,gps539,?
부산 금곡동,golden ufo,"35.261308,129.023127",,,1,golden ufo,6a+
부산 금곡동,golden ufo,"35.261308,129.023127",,,2,golden ufo,"sit, 6b+"
부산 금곡동,불나방,"35.261308,129.023127",,,1,불나방,5
부산 금곡동,불나방,"35.261308,129.023127",,,2,walther ppk,6b+
부산 금곡동,6 sub zero,"35.261308,129.023127",,,1,오동나무,"traverse, 4"
부산 금곡동,6 sub zero,"35.261308,129.023127",,,2,6 sub zero,6b+
부산 금곡동,고래사냥,"35.261308,129.023127",,,1,고래사냥,6a
부산 금곡동,고래사냥,"35.261308,129.023127",,,2,고래사냥,"sit, 6a+"
부산 금곡동,형제 볼더,"35.261308,129.023127",,,1,big brother,?
부산 금곡동,형제 볼더,"35.261308,129.023127",,,2,막둥이,?
부산 금곡동,바위주름,"35.261308,129.023127",,,1,바위 주름,4
부산 금곡동,gps679,"35.261308,129.023127",,,1,gps679,?
부산 금곡동,산불조심,"35.261308,129.023127",,,1,산불조심,4
부산 금곡동,산불조심,"35.261308,129.023127",,,2,fire on the slab,6a
부산 금곡동,gps530,"35.261308,129.023127",,,1,gps530,?
부산 금곡동,큰도끼,"35.261308,129.023127",,,1,큰도끼,6a+
부산 금곡동,black dirt,"35.261308,129.023127",,,1,black dirt,?
부산 금곡동,요람,"35.261308,129.023127",,,1,요람,"right, ?"
부산 금곡동,milky hyno,"35.261308,129.023127",,,1,milky dyno,7a+
부산 금곡동,석양의 무법자,"35.261308,129.023127",,,1,석양의 무법자,5
부산 금곡동,falcon,"35.261308,129.023127",,,1,falcon,"sts, 5"
부산 금곡동,falcon,"35.261308,129.023127",,,2,fork,6a
부산 금곡동,falcon,"35.261308,129.023127",,,3,fork,"low, 6a+"
부산 금곡동,falcon,"35.261308,129.023127",,,4,falnon,"right, 6c+"
부산 금곡동,gps529,"35.261308,129.023127",,,1,gps801,?
부산 금곡동,삶은계란,"35.261308,129.023127",,,1,삶은계란,4
부산 금곡동,삼손,"35.261308,129.023127",,,1,삼손,6a+
부산 금곡동,삼손,"35.261308,129.023127",,,2,estra virgin,6c+
부산 금곡동,잠룡승천,"35.261308,129.023127",,,1,잠룡승천,?
부산 금곡동,gps871,"35.261308,129.023127",,,1,gps871,?
부산 금곡동,gps7176,"35.261308,129.023127",,,1,헨 35.2617176,"129.0234429, ?"
부산 금곡동,sparrow hawk,"35.261308,129.023127",,,1,sparrow hawk,"traverse, 6b+"
부산 금곡동,gps133,"35.261308,129.023127",,,1,gps133,?
부산 금곡동,golden village,"35.261308,129.023127",,,1,goldin village,6a
부산 금곡동,golden village,"35.261308,129.023127",,,2,iron village,6a
부산 서문 볼더링,black swan,"35.248686,129.037879",,,1,black swan,?
부산 서문 볼더링,black swan,"35.248686,129.037879",,,2,백조의 호수,?
부산 서문 볼더링,automn mosquito,"35.248686,129.037879",,,1,파리채,6a+
부산 서문 볼더링,automn mosquito,"35.248686,129.037879",,,2,모기향,6b+
부산 서문 볼더링,automn mosquito,"35.248686,129.037879",,,3,automn mosquito,7b
부산 서문 볼더링,sewol,"35.248686,129.037879",,,1,sewol,4
부산 서문 볼더링,sewol,"35.248686,129.037879",,,2,seven hours truth,6a+
부산 서문 볼더링,pancake slope,"35.248686,129.037879",,,1,tiramisu,4
부산 서문 볼더링,pancake slope,"35.248686,129.037879",,,2,pan cake slope,4
부산 서문 볼더링,pancake slope,"35.248686,129.037879",,,3,pan cake slope,"right, ?"
부산 서문 볼더링,counter niolence,"35.248686,129.037879",,,1,counter niolence,6c+
부산 서문 볼더링,counter niolence,"35.248686,129.037879",,,2,하야,6c+
부산 서문 볼더링,"grandpa tenkley, 6a","35.248686,129.037879",,,1,grandpa tenkley,6a
부산 서문 볼더링,wild wild west,"35.248686,129.037879",,,1,wild wild west,7b
부산 서문 볼더링,lost boys,"35.248686,129.037879",,,1,lost boys,7a+
부산 서문 볼더링,나무사이로,"35.248686,129.037879",,,1,나무사이로,?
부산 서문 볼더링,미음완보,"35.248686,129.037879",,,1,미음완보,6a
부산 서문 볼더링,janus face,"35.248686,129.037879",,,1,janus face,4
부산 서문 볼더링,janus face,"35.248686,129.037879",,,2,presidential persona,6b+
부산 서문 볼더링,hole in ten,"35.248686,129.037879",,,1,hole in ten,5
부산 서문 볼더링,hole in ten,"35.248686,129.037879",,,2,boulder problem #2,?
부산 서문 볼더링,hole in ten,"35.248686,129.037879",,,3,aztec,?
부산 서문 볼더링,hole in ten,"35.248686,129.037879",,,4,aztec,"right, ?"
부산 서문 볼더링,화양연화,"35.248686,129.037879",,,1,warm up slab2,4
부산 서문 볼더링,화양연화,"35.248686,129.037879",,,2,warm up slab1,4
부산 서문 볼더링,화양연화,"35.248686,129.037879",,,3,love or lub,5
부산 서문 볼더링,화양연화,"35.248686,129.037879",,,4,zeiganik effect,6a
부산 서문 볼더링,화양연화,"35.248686,129.037879",,,5,꽃놀이패,6a
부산 서문 볼더링,화양연화,"35.248686,129.037879",,,6,화양연화,6a+
부산 서문 볼더링,화양연화,"35.248686,129.037879",,,7,monotomous chore,6a+
부산 서문 볼더링,화양연화,"35.248686,129.037879",,,8,달래,6a+
부산 서문 볼더링,화양연화,"35.248686,129.037879",,,9,kim balance,6b+
부산 서문 볼더링,화양연화,"35.248686,129.037879",,,10,화양연화,"sit, 6c+"
부산 서문 볼더링,화양연화,"35.248686,129.037879",,,11,font dyno,6c+
부산 서문 볼더링,화양연화,"35.248686,129.037879",,,12,noodle dyno,6c+
부산 서문 볼더링,화양연화,"35.248686,129.037879",,,13,zeiganik effect,"dyno, 7b"
부산 정수장,brght or light,"35.239669,129.027236",,,1,bright or light,"sit, 6a+"
부산 나비 바위,warm up,"35.252751,129.067223",,,1,unknown,3+
부산 나비 바위,warm up,"35.252751,129.067223",,,2,unknown,4+
부산 나비 바위,warm up,"35.252751,129.067223",,,3,unknown crack,5
부산 나비 바위,warm up,"35.252751,129.067223",,,4,whiplash,5
부산 나비 바위,warm up,"35.252751,129.067223",,,5,big face,"sit, 6a"
부산 나비 바위,warm up,"35.252751,129.067223",,,6,watch your ass,6a+
부산 나비 바위,warm up,"35.252751,129.067223",,,7,big daddy,sit 6a+
부산 나비 바위,warm up,"35.252751,129.067223",,,8,mushroom hunting,6b+
부산 나비 바위,warm up,"35.252751,129.067223",,,9,spaceship,7a+
부산 나비 바위,warm up,"35.252751,129.067223",,,10,jamming machine,7a+
부산 나비 바위,warm up,"35.252751,129.067223",,,11,project,?
부산 나비 바위,road side1,"35.252751,129.067223",,,1,unknown,5
부산 나비 바위,road side1,"35.252751,129.067223",,,2,apothéose,6b
부산 나비 바위,main1,"35.252751,129.067223",,,1,beginner slab3,3
부산 나비 바위,main1,"35.252751,129.067223",,,2,nest left,3
부산 나비 바위,main1,"35.252751,129.067223",,,3,nabi4,3
부산 나비 바위,main1,"35.252751,129.067223",,,4,arch,3
부산 나비 바위,main1,"35.252751,129.067223",,,5,unknown,3
부산 나비 바위,main1,"35.252751,129.067223",,,6,table traverse,3+
부산 나비 바위,main1,"35.252751,129.067223",,,7,butterfly leg,3+
부산 나비 바위,main1,"35.252751,129.067223",,,8,sucking sap,3+
부산 나비 바위,main1,"35.252751,129.067223",,,9,beginner slab2,4
부산 나비 바위,main1,"35.252751,129.067223",,,10,training face2,4
부산 나비 바위,main1,"35.252751,129.067223",,,11,unknown left arete(oppposite of old man),4
부산 나비 바위,main1,"35.252751,129.067223",,,12,traing face3,4
부산 나비 바위,main1,"35.252751,129.067223",,,13,scar face,"left,sts, 4"
부산 나비 바위,main1,"35.252751,129.067223",,,14,tall poppy,4
부산 나비 바위,main1,"35.252751,129.067223",,,15,spin wheel,4
부산 나비 바위,main1,"35.252751,129.067223",,,16,windmill,"sds, 4"
부산 나비 바위,main1,"35.252751,129.067223",,,17,pine slab,4
부산 나비 바위,main1,"35.252751,129.067223",,,18,nabi1,4
부산 나비 바위,main1,"35.252751,129.067223",,,19,nabi3,"crack, 4"
부산 나비 바위,main1,"35.252751,129.067223",,,20,nabi2,4
부산 나비 바위,main1,"35.252751,129.067223",,,21,nabi5,4
부산 나비 바위,main1,"35.252751,129.067223",,,22,omphalos1,4
부산 나비 바위,main1,"35.252751,129.067223",,,23,shadow man,4+
부산 나비 바위,main1,"35.252751,129.067223",,,24,꼬맹이 크랙,4+
부산 나비 바위,main1,"35.252751,129.067223",,,25,training face,5
부산 나비 바위,main1,"35.252751,129.067223",,,26,beginner slab1,5
부산 나비 바위,main1,"35.252751,129.067223",,,27,shark,5
부산 나비 바위,main1,"35.252751,129.067223",,,28,the ode to joy left,"sit, 5"
부산 나비 바위,main1,"35.252751,129.067223",,,29,unbroken left,5
부산 나비 바위,main1,"35.252751,129.067223",,,30,pin2 tree touch the ronk,5
부산 나비 바위,main1,"35.252751,129.067223",,,31,pine arete,5
부산 나비 바위,main1,"35.252751,129.067223",,,32,unknown(sandpaper foot job),5
부산 나비 바위,main1,"35.252751,129.067223",,,33,nabi6,5
부산 나비 바위,main1,"35.252751,129.067223",,,34,training crack,6a
부산 나비 바위,main1,"35.252751,129.067223",,,35,pine tree touch the ronk,6a
부산 나비 바위,main1,"35.252751,129.067223",,,36,unknown center face(oppposite of old man),6a
부산 나비 바위,main1,"35.252751,129.067223",,,37,tall poppy syndrome,6a
부산 나비 바위,main1,"35.252751,129.067223",,,38,unbroken right,6a
부산 나비 바위,main1,"35.252751,129.067223",,,39,prawn,6a
부산 나비 바위,main1,"35.252751,129.067223",,,40,doxology,6a
부산 나비 바위,main1,"35.252751,129.067223",,,41,overgrown tomb,6a
부산 나비 바위,main1,"35.252751,129.067223",,,42,tweaker,6a
부산 나비 바위,main1,"35.252751,129.067223",,,43,one eyed willie,"left, 6a"
부산 나비 바위,main1,"35.252751,129.067223",,,44,elephant,"right, 6a"
부산 나비 바위,main1,"35.252751,129.067223",,,45,dwarf boy(꼬맹이),6a
부산 나비 바위,main1,"35.252751,129.067223",,,46,merry go round,6a
부산 나비 바위,main1,"35.252751,129.067223",,,47,nabi1,"jump, 6a"
부산 나비 바위,main1,"35.252751,129.067223",,,48,nest right,6a+
부산 나비 바위,main1,"35.252751,129.067223",,,49,unknown right arete(oppposite of old man),6a+
부산 나비 바위,main1,"35.252751,129.067223",,,50,nabi crack,6a+
부산 나비 바위,main1,"35.252751,129.067223",,,51,scar face,"right,sit, 6a+"
부산 나비 바위,main1,"35.252751,129.067223",,,52,heebie-jeebies,6a+
부산 나비 바위,main1,"35.252751,129.067223",,,53,the ode to joy right,"sit, 6a+"
부산 나비 바위,main1,"35.252751,129.067223",,,54,windmill,"traverse, 6a+"
부산 나비 바위,main1,"35.252751,129.067223",,,55,enter sandman,6a+
부산 나비 바위,main1,"35.252751,129.067223",,,56,elepant left,6a+
부산 나비 바위,main1,"35.252751,129.067223",,,57,bird man,6a+
부산 나비 바위,main1,"35.252751,129.067223",,,58,dwarf boy,"direct, 6a+"
부산 나비 바위,main1,"35.252751,129.067223",,,59,opmphalos3,"sit, 6a+"
부산 나비 바위,main1,"35.252751,129.067223",,,60,diamond,6a+
부산 나비 바위,main1,"35.252751,129.067223",,,61,shadow traverse,6b
부산 나비 바위,main1,"35.252751,129.067223",,,62,surf rurf,6b+
부산 나비 바위,main1,"35.252751,129.067223",,,63,melancholic touch,"right, 6b+"
부산 나비 바위,main1,"35.252751,129.067223",,,64,one eyed willie,"right, 6b+"
부산 나비 바위,main1,"35.252751,129.067223",,,65,black hole,6c+
부산 나비 바위,main1,"35.252751,129.067223",,,66,fly to the sky,"sit, 6c+"
부산 나비 바위,main1,"35.252751,129.067223",,,67,old man touched by blindness,7a
부산 나비 바위,main1,"35.252751,129.067223",,,68,sandpaper handjob,7a
부산 나비 바위,main1,"35.252751,129.067223",,,69,mudy mudy,7a+
부산 나비 바위,main1,"35.252751,129.067223",,,70,punch kick jam,7a+
부산 나비 바위,main1,"35.252751,129.067223",,,71,punch kick jam,7a+
부산 나비 바위,main1,"35.252751,129.067223",,,72,elastic crowley,7a+
부산 나비 바위,main1,"35.252751,129.067223",,,73,tracer,7a+
부산 나비 바위,main1,"35.252751,129.067223",,,74,sandpaper handjob,"extention, 7b"
부산 나비 바위,main1,"35.252751,129.067223",,,75,sandpaper extention,7b
부산 나비 바위,main1,"35.252751,129.067223",,,76,project(right of black hole),7b
부산 나비 바위,main1,"35.252751,129.067223",,,77,s wave,?
부산 나비 바위,main1,"35.252751,129.067223",,,78,diamond,?
부산 나비 바위,main1,"35.252751,129.067223",,,79,lip-out,"sit, ?"
부산 나비 바위,main1,"35.252751,129.067223",,,80,crazy horse,?
부산 나비 바위,main1,"35.252751,129.067223",,,81,fade to black,?
부산 나비 바위,main1,"35.252751,129.067223",,,82,finger smith,"sit, ?"
부산 나비 바위,main1,"35.252751,129.067223",,,83,mossy horn,?
부산 나비 바위,main1,"35.252751,129.067223",,,84,melancholic touck,?
부산 나비 바위,main1,"35.252751,129.067223",,,85,lip out,?
부산 나비 바위,main1,"35.252751,129.067223",,,86,sunny traverse,"left, ?"
부산 나비 바위,main1,"35.252751,129.067223",,,87,unknown,?
부산 나비 바위,main1,"35.252751,129.067223",,,88,unknown,?
부산 나비 바위,main1,"35.252751,129.067223",,,89,unknown,?
부산 나비 바위,main1,"35.252751,129.067223",,,90,unknown,?
부산 나비 바위,main1,"35.252751,129.067223",,,91,unknown,?
부산 나비 바위,main1,"35.252751,129.067223",,,92,omphalos2,"sit, ?"
부산 나비 바위,main1,"35.252751,129.067223",,,93,unknown,?
부산 나비 바위,main1,"35.252751,129.067223",,,94,wave,?
부산 나비 바위,main2,"35.252751,129.067223",,,1,cheese hole,"strait, 4"
부산 나비 바위,main2,"35.252751,129.067223",,,2,black sheep,4
부산 나비 바위,main2,"35.252751,129.067223",,,3,true crap,6a
부산 나비 바위,main2,"35.252751,129.067223",,,4,cheese hole,"right,6a"
부산 나비 바위,main2,"35.252751,129.067223",,,5,pocket rocket,6a+
부산 나비 바위,main2,"35.252751,129.067223",,,6,never ending history right,6b
부산 나비 바위,main2,"35.252751,129.067223",,,7,trangling flash,6b
부산 나비 바위,main2,"35.252751,129.067223",,,8,never ending history left,6v+
부산 나비 바위,main2,"35.252751,129.067223",,,9,requem,7a+
부산 나비 바위,main2,"35.252751,129.067223",,,10,magic chalk,?
부산 나비 바위,main2,"35.252751,129.067223",,,11,unknown,?
부산 나비 바위,main2,"35.252751,129.067223",,,12,unknown,?
부산 나비 바위,main2,"35.252751,129.067223",,,13,unknown,?
부산 나비 바위,main2,"35.252751,129.067223",,,14,unknown,?
부산 나비 바위,main2,"35.252751,129.067223",,,15,unknown,?
부산 나비 바위,main2,"35.252751,129.067223",,,16,unknown,?
부산 나비 바위,main2,"35.252751,129.067223",,,17,unknown,?
부산 나비 바위,wesley's line,"35.252751,129.067223",,,1,santa bob,7c+
부산 나비 바위,wesley's line,"35.252751,129.067223",,,2,wesley's line,?
부산 나비 바위,day walker,"35.252751,129.067223",,,1,monk,"direct, 3"
부산 나비 바위,day walker,"35.252751,129.067223",,,2,unknown cante,3+
부산 나비 바위,day walker,"35.252751,129.067223",,,3,monk traverse,4
부산 나비 바위,day walker,"35.252751,129.067223",,,4,unknown crack,4
부산 나비 바위,day walker,"35.252751,129.067223",,,5,monk crack,4+
부산 나비 바위,day walker,"35.252751,129.067223",,,6,멘붕 슬랩,5
부산 나비 바위,day walker,"35.252751,129.067223",,,7,baby puncher,6a
부산 나비 바위,day walker,"35.252751,129.067223",,,8,zen cut,6a+
부산 나비 바위,day walker,"35.252751,129.067223",,,9,unknown left arete sit,6a+
부산 나비 바위,day walker,"35.252751,129.067223",,,10,god's work,6a+
부산 나비 바위,day walker,"35.252751,129.067223",,,11,underground,6b
부산 나비 바위,day walker,"35.252751,129.067223",,,12,unknown(right face) sit,6b
부산 나비 바위,day walker,"35.252751,129.067223",,,13,twister monk sit,6b+
부산 나비 바위,day walker,"35.252751,129.067223",,,14,day walker,6c
부산 나비 바위,day walker,"35.252751,129.067223",,,15,pooster's schnooter,6c+
부산 나비 바위,day walker,"35.252751,129.067223",,,16,witness the weakness,6c+
부산 나비 바위,day walker,"35.252751,129.067223",,,17,project,?
부산 나비 바위,day walker,"35.252751,129.067223",,,18,simeone's ganna die,?
부산 나비 바위,day walker,"35.252751,129.067223",,,19,the world of god,?
부산 나비 바위,day walker,"35.252751,129.067223",,,20,brush,?
부산 나비 바위,day walker,"35.252751,129.067223",,,21,unknown slab(in front of zen),?
부산 나비 바위,day walker,"35.252751,129.067223",,,22,unknown,?
부산 나비 바위,day walker,"35.252751,129.067223",,,23,unknown pocket,?
부산 나비 바위,day walker,"35.252751,129.067223",,,24,god's work,"sit, ?"
부산 나비 바위,day walker,"35.252751,129.067223",,,25,unknown arete,?
부산 나비 바위,rock slide,"35.252751,129.067223",,,1,unknown little crack,3
부산 나비 바위,rock slide,"35.252751,129.067223",,,2,unknown easy crack,3
부산 나비 바위,rock slide,"35.252751,129.067223",,,3,unknown slab,4+
부산 나비 바위,rock slide,"35.252751,129.067223",,,4,black square traverse,5
부산 나비 바위,rock slide,"35.252751,129.067223",,,5,black square right,6a
부산 나비 바위,rock slide,"35.252751,129.067223",,,6,korean jet set,6b
부산 나비 바위,rock slide,"35.252751,129.067223",,,7,routine traffic stop,6b+
부산 나비 바위,rock slide,"35.252751,129.067223",,,8,dingo,6c
부산 나비 바위,rock slide,"35.252751,129.067223",,,9,caritas,7b+
부산 나비 바위,rock slide,"35.252751,129.067223",,,10,black square center,?
부산 나비 바위,rock slide,"35.252751,129.067223",,,11,unknown arete traverse,?
부산 나비 바위,rock slide,"35.252751,129.067223",,,12,unknown1,?
부산 나비 바위,rock slide,"35.252751,129.067223",,,13,unknown2,?
부산 나비 바위,rock slide,"35.252751,129.067223",,,14,pocket monster strait,?
부산 나비 바위,rock slide,"35.252751,129.067223",,,15,pit of death,?
부산 나비 바위,not attached to sector,"35.252751,129.067223",,,1,arabian nights,6c
부산 나비 바위,not attached to sector,"35.252751,129.067223",,,2,ltalion stallion,6c+
부산 mulmanggol,left fall,"35.253259,129.078069",,,1,녹차,6a
부산 mulmanggol,left fall,"35.253259,129.078069",,,2,bowel full of gravy,?
부산 mulmanggol,left fall,"35.253259,129.078069",,,3,annoying christian propaganda,?
부산 mulmanggol,left fall,"35.253259,129.078069",,,4,me love you long time,?
부산 mulmanggol,left fall,"35.253259,129.078069",,,5,no name easy slab,3
부산 mulmanggol,left fall,"35.253259,129.078069",,,6,get over the fall,4+
부산 mulmanggol,quarry stone field,"35.253259,129.078069",,,1,no name hard traverse,?
부산 mulmanggol,overview,"35.253259,129.078069",,,1,no name,?
부산 dormitory(기숙사),overview,"35.236007,129.074121",,,1,grub hunting,6c+
부산 dormitory(기숙사),fucking pumpkin,"35.236007,129.074121",,,1,unknown,4
부산 dormitory(기숙사),fucking pumpkin,"35.236007,129.074121",,,2,pumpkin soup,6a+
부산 dormitory(기숙사),fucking pumpkin,"35.236007,129.074121",,,3,fucking pumpkin,7a
부산 dormitory(기숙사),fucking pumpkin,"35.236007,129.074121",,,4,unknown,?
부산 보광암,lonely breath,"35.231235,129.069936",,,1,lonely breath,6c+
부산 보광암,azelea,"35.231235,129.069936",,,1,hamberger traverse,4
부산 보광암,azelea,"35.231235,129.069936",,,2,nameless high ball,5
부산 보광암,azelea,"35.231235,129.069936",,,3,hamberger strait,6a+
부산 보광암,azelea,"35.231235,129.069936",,,4,azelea,6b
부산 금강공원,bush man,"35.222712,129.075126",,,1,용마루,6a+
부산 금강공원,bush man,"35.222712,129.075126",,,2,bush man,6c
부산 금강공원,바람의 언덕,"35.222712,129.075126",,,1,바람의 언덕,"left, 6a"
부산 금강공원,바람의 언덕,"35.222712,129.075126",,,2,바람이 언덕,"right, 6a+"
부산 금강공원,815,"35.222712,129.075126",,,1,815,?
부산 금강공원,사람인,"35.222712,129.075126",,,1,사람 인,?
부산 금강공원,탑돌이,"35.222712,129.075126",,,1,탑돌이,3
부산 금강공원,탑돌이,"35.222712,129.075126",,,2,빨간바지,4
부산 금강공원,탑돌이,"35.222712,129.075126",,,3,몽상,6a
부산 금강공원,red cross,"35.222712,129.075126",,,1,red cross,?
부산 금강공원,셀레바리,"35.222712,129.075126",,,1,셀레바리,6a+
부산 금강공원,셀레바리,"35.222712,129.075126",,,2,설레바리,"straight, 6a+"
부산 금강공원,자전거 탄 풍경,"35.222712,129.075126",,,1,천국의 계단,6a
부산 금강공원,자전거 탄 풍경,"35.222712,129.075126",,,2,자전거 탄 풍경,6a+
부산 금강공원,자전거 탄 풍경,"35.222712,129.075126",,,3,자전거 탄 풍경,"low, 6c+"
부산 금강공원,자전거 탄 풍경,"35.222712,129.075126",,,4,자전거 탄 풍경,"dorect, ?"
부산 금강공원,dead metaphore,"35.222712,129.075126",,,1,dead metaphore,6a
부산 금강공원,뿌리깊은 나무,"35.222712,129.075126",,,1,뿌리깊은 나무,4
부산 금강공원,soul mate,"35.222712,129.075126",,,1,soul mate,3
부산 금강공원,soul mate,"35.222712,129.075126",,,2,rose bird,4
부산 금강공원,가로본능,"35.222712,129.075126",,,1,가로본능,5
부산 금강공원,libido theory,"35.222712,129.075126",,,1,distroy or defeat,5
부산 금강공원,libido theory,"35.222712,129.075126",,,2,libido theory,6a
부산 금강공원,libido theory,"35.222712,129.075126",,,3,koi's law,6b
부산 금강공원,libido theory,"35.222712,129.075126",,,4,monento,6c
부산 금강공원,freeze,"35.222712,129.075126",,,1,zreeze,4
부산 금강공원,symbiosys,"35.222712,129.075126",,,1,symbiosys,5
부산 금강공원,under ground,"35.222712,129.075126",,,1,under ground,5
부산 금강공원,용마루,"35.222712,129.075126",,,1,벼슬,6a
부산 금강공원,용마루,"35.222712,129.075126",,,2,용마루,6a+
부산 금강공원,용마루,"35.222712,129.075126",,,3,fire on the rocks,6b+
부산 금강공원,검은 고양이,"35.222712,129.075126",,,1,검은고양이,6a
부산 금강공원,새내기,"35.222712,129.075126",,,1,새내기,3
부산 금강공원,종규야,"35.222712,129.075126",,,1,종규야,5
부산 금강공원,종규야,"35.222712,129.075126",,,2,red jk,5
부산 금강공원,sisyphu's rock,"35.222712,129.075126",,,1,sisyphu's rock,6a
부산 금강공원,sisyphu's rock,"35.222712,129.075126",,,2,spiritual guru,6b
부산 금강공원,sisyphu's rock,"35.222712,129.075126",,,3,sisyphu's rock,"sit, 7b+"
부산 금강공원,갯바위,"35.222712,129.075126",,,1,갯바위,3
부산 금강공원,갯바위,"35.222712,129.075126",,,2,숙취해소,4
부산 금강공원,낙타,"35.222712,129.075126",,,1,낙타,3
부산 금강공원,green crack,"35.222712,129.075126",,,1,green crack,?
부산 금강공원,그시기,"35.222712,129.075126",,,1,그시기,?
부산 금강공원,아리솔,"35.222712,129.075126",,,1,아리솔,7a+
부산 금강공원,아리솔,"35.222712,129.075126",,,2,아리솔,"sit, 7b"
부산 금강공원,ninja,"35.222712,129.075126",,,1,ninja left,3
부산 금강공원,ninja,"35.222712,129.075126",,,2,ninja left,5
부산 금강공원,ninja,"35.222712,129.075126",,,3,little ninja,6a
부산 금강공원,ninja,"35.222712,129.075126",,,4,ninja assassin tracerse,6b+
부산 금강공원,ninja,"35.222712,129.075126",,,5,ninja assassin strait,6c
부산 금강공원,ninja,"35.222712,129.075126",,,6,frozen break,6c
부산 금강공원,ninja,"35.222712,129.075126",,,7,싸울아비,?
부산 금강공원,옹달샘,"35.222712,129.075126",,,1,옹달샘,?
부산 금강공원,샘터 슬랩,"35.222712,129.075126",,,1,샘터 슬랩,?
부산 금강공원,샘터 슬랩,"35.222712,129.075126",,,2,little forest,?
부산 금강공원,데깔꼬마니,"35.222712,129.075126",,,1,데깔꼬마니,?
부산 금강공원,bridge,"35.222712,129.075126",,,1,bridge,?
부산 금강공원,삼각볼더,"35.222712,129.075126",,,1,gps213,?
부산 금강공원,대도,"35.222712,129.075126",,,1,대도,?
부산 금강공원,담쟁이,"35.222712,129.075126",,,1,담쟁이,?
부산 금강공원,entropy,"35.222712,129.075126",,,1,entropy,?
부산 금강공원,바야흐로,"35.222712,129.075126",,,1,바야흐로,"left, 3"
부산 금강공원,바야흐로,"35.222712,129.075126",,,2,바야흐로,"right, 4"
부산 금강공원,life of pie,"35.222712,129.075126",,,1,life of pie,?
부산 금강공원,키세스,"35.222712,129.075126",,,1,키세스,?
부산 금강공원,big man,"35.222712,129.075126",,,1,big man,?
부산 금강공원,spunge,"35.222712,129.075126",,,1,spunge,?
부산 금강공원,free hug,"35.222712,129.075126",,,1,free hug,?
부산 금강공원,twin pine tree,"35.222712,129.075126",,,1,twin pine tree,?
부산 금강공원,"달오, traverse","35.222712,129.075126",,,1,달오,"traverse, ?"
부산 금강공원,white slab,"35.222712,129.075126",,,1,white slab,?
부산 금강공원,clonoscope,"35.222712,129.075126",,,1,pinch the lip,6a+
부산 금강공원,clonoscope,"35.222712,129.075126",,,2,clonoscope,6b+
부산 금강공원,clonoscope,"35.222712,129.075126",,,3,pinch the lip,"sit, 7a+"
부산 금강공원,rosemary,"35.222712,129.075126",,,1,rosemary,4
부산 금강공원,흰소,"35.222712,129.075126",,,1,흰소,?
부산 금강공원,완생,"35.222712,129.075126",,,1,완생1,5
부산 금강공원,완생,"35.222712,129.075126",,,2,완생2,6a
부산 금강공원,language,"35.222712,129.075126",,,1,ufo,"left, 5"
부산 금강공원,language,"35.222712,129.075126",,,2,ufo,"right, 6a+"
부산 금강공원,language,"35.222712,129.075126",,,3,alien,6b+
부산 금강공원,language,"35.222712,129.075126",,,4,luca,6c+
부산 금강공원,language,"35.222712,129.075126",,,5,language oder than words,6c+
부산 금강공원,language,"35.222712,129.075126",,,6,language older than words r to l,6c+
부산 금강공원,language,"35.222712,129.075126",,,7,language younger than words,7a+
부산 금강공원,미생,"35.222712,129.075126",,,1,미생,6b+
부산 금강공원,계곡아래,"35.222712,129.075126",,,1,계곡아래,?
부산 금강공원,똥개,"35.222712,129.075126",,,1,똥개,6c+
부산 금강공원,똥개,"35.222712,129.075126",,,2,똥개,"traverse, ?"
부산 금강공원,intermezzo,"35.222712,129.075126",,,1,romance,5
부산 금강공원,intermezzo,"35.222712,129.075126",,,2,intermezzo,"easy, 6a"
부산 금강공원,intermezzo,"35.222712,129.075126",,,3,intermezzo,6b+
부산 금강공원,숨은그림찾기,"35.222712,129.075126",,,1,숨은그림찾기,6a
부산 금강공원,흰나비,"35.222712,129.075126",,,1,흰나비,6a
부산 금강공원,흰나비,"35.222712,129.075126",,,2,project,?
부산 금강공원,horse rock(말바위),"35.222712,129.075126",,,1,딱b,3
부산 금강공원,horse rock(말바위),"35.222712,129.075126",,,2,말꼬삐,4
부산 금강공원,horse rock(말바위),"35.222712,129.075126",,,3,말,6a
부산 금강공원,horse rock(말바위),"35.222712,129.075126",,,4,running horse,6b+
부산 금강공원,horse rock(말바위),"35.222712,129.075126",,,5,말달리자,6b+
부산 금강공원,horse rock(말바위),"35.222712,129.075126",,,6,flying horse,6c
부산 금강공원,horse rock(말바위),"35.222712,129.075126",,,7,redmonkey,6c+
부산 금강공원,horse rock(말바위),"35.222712,129.075126",,,8,dark horse,?
부산 금강공원,horse rock(말바위),"35.222712,129.075126",,,9,말 달리자,"extention, ?"
부산 금강공원,cannon,"35.222712,129.075126",,,1,천국의 계단,"left, 4"
부산 금강공원,cannon,"35.222712,129.075126",,,2,천국의 계단,"right, 4"
부산 금강공원,cannon,"35.222712,129.075126",,,3,cannon,"sit, 6b"
부산 금강공원,retro rocket,"35.222712,129.075126",,,1,warm up-kid,3
부산 금강공원,retro rocket,"35.222712,129.075126",,,2,warm up-kide,3+
부산 금강공원,retro rocket,"35.222712,129.075126",,,3,미끈새끈,4
부산 금강공원,retro rocket,"35.222712,129.075126",,,4,warm up-kid3,4
부산 금강공원,retro rocket,"35.222712,129.075126",,,5,warming up,5
부산 금강공원,retro rocket,"35.222712,129.075126",,,6,retro rocket,6a
부산 금강공원,나르샤- 고인돌,"35.222712,129.075126",,,1,고인돌,6a
부산 금강공원,나르샤- 고인돌,"35.222712,129.075126",,,2,고인돌,"extention, 6a+"
부산 금강공원,나르샤- 고인돌,"35.222712,129.075126",,,3,abbott switch,6a+
부산 금강공원,나르샤- 고인돌,"35.222712,129.075126",,,4,나르샤,7b+
부산 금강공원,prism effect,"35.222712,129.075126",,,1,romantic slab,6a
부산 금강공원,prism effect,"35.222712,129.075126",,,2,prism effect,6b+
부산 금강공원,picnic boulder,"35.222712,129.075126",,,1,picnic slab,4
부산 금강공원,picnic boulder,"35.222712,129.075126",,,2,picnic crack,4
부산 금강공원,picnic boulder,"35.222712,129.075126",,,3,picnic crack,"direct, 5"
부산 금강공원,picnic boulder,"35.222712,129.075126",,,4,매일 그대와,5
부산 금강공원,high man,"35.222712,129.075126",,,1,high man,6a+
부산 금강공원,high man,"35.222712,129.075126",,,2,diceplay,6a+
부산 금강공원,matiz you can do it,"35.222712,129.075126",,,1,martiz you can't do it,5
부산 금강공원,vin rouge,"35.222712,129.075126",,,1,vin blanc,6a+
부산 금강공원,vin rouge,"35.222712,129.075126",,,2,vin rouge,6b+
부산 금강공원,new horizon,"35.222712,129.075126",,,1,new horizon,5
부산 금강공원,tender roll,"35.222712,129.075126",,,1,short love,3
부산 금강공원,tender roll,"35.222712,129.075126",,,2,crucial love,4
부산 금강공원,tender roll,"35.222712,129.075126",,,3,crucial love,"direct, 5"
부산 금강공원,tender roll,"35.222712,129.075126",,,4,tender roll,6a+
부산 금강공원,모드니,"35.222712,129.075126",,,1,모드니,6a+
부산 금강공원,모드니,"35.222712,129.075126",,,2,아스라이,6b+
부산 금강공원,hamburg,"35.222712,129.075126",,,1,hamburg,6b+
부산 금강공원,안녕하세요,"35.222712,129.075126",,,1,happy chuseok,4
부산 금강공원,안녕하세요,"35.222712,129.075126",,,2,다라니,6a+
부산 금강공원,안녕하세요,"35.222712,129.075126",,,3,안녕,6a+
부산 금강공원,안녕하세요,"35.222712,129.075126",,,4,nice to meet you,7b
부산 금강공원,안녕하세요,"35.222712,129.075126",,,5,안녕하세요,7c
부산 금강공원,tree fighting,"35.222712,129.075126",,,1,tree fighting,6a
부산 금강공원,a 플러스,"35.222712,129.075126",,,1,a+,3
부산 금강공원,a 플러스,"35.222712,129.075126",,,2,a-,5
부산 금강공원,a 플러스,"35.222712,129.075126",,,3,숨은그림찾기,6a
부산 금강공원,a 플러스,"35.222712,129.075126",,,4,crying frog,6b+
부산 금강공원,a 플러스,"35.222712,129.075126",,,5,endorphin,6b+
부산 금강공원,diedre,"35.222712,129.075126",,,1,diedre,4
부산 금강공원,diedre,"35.222712,129.075126",,,2,diedre,"left, 6a+"
부산 금강공원,삽작거리,"35.222712,129.075126",,,1,삽작거리,"sit, 6c"
부산 금강공원,산할아버지,"35.222712,129.075126",,,1,개구쟁이,4
부산 금강공원,산할아버지,"35.222712,129.075126",,,2,산할아버지,5
부산 금강공원,plastic man,"35.222712,129.075126",,,1,no name temple(암자),5
부산 금강공원,plastic man,"35.222712,129.075126",,,2,buddah's mervy(자비),"direct, 7a+"
부산 금강공원,plastic man,"35.222712,129.075126",,,3,buddah's mercy,"right, 7a+"
부산 금강공원,plastic man,"35.222712,129.075126",,,4,plastic man,7b
부산 금강공원,plastic man,"35.222712,129.075126",,,5,fire man,7b
부산 금강공원,달랑거철,"35.222712,129.075126",,,1,달랑거철,6c+
부산 금강공원,달걀,"35.222712,129.075126",,,1,달걀,4
부산 금강공원,달걀,"35.222712,129.075126",,,2,달걀left,6a
부산 금강공원,달걀,"35.222712,129.075126",,,3,매추리 알,"right, 6a+"
부산 금강공원,달걀,"35.222712,129.075126",,,4,매추리알,"left, 6c+"
부산 금강공원,gattaca,"35.222712,129.075126",,,1,gattaca,6c+
부산 금강공원,mind blowing drug,"35.222712,129.075126",,,1,mind blowing drug,6a+
부산 금강공원,mind blowing drug,"35.222712,129.075126",,,2,mind blowing drug,"right, 6a+"
부산 금강공원,azelea,"35.222712,129.075126",,,1,azelea,6a+
부산 금강공원,couch,"35.222712,129.075126",,,1,couch,?
부산 금강공원,달보드레,"35.222712,129.075126",,,1,달보드레,6b
부산 금강공원,kinder garden,"35.222712,129.075126",,,1,kinder garden1,3
부산 금강공원,kinder garden,"35.222712,129.075126",,,2,kinder garden2,3+
부산 금강공원,kinder garden,"35.222712,129.075126",,,3,prestige,6a
부산 금강공원,kinder garden,"35.222712,129.075126",,,4,kinder garden3,6a
부산 금강공원,kinder garden,"35.222712,129.075126",,,5,green mob,6a+
부산 금강공원,kinder garden,"35.222712,129.075126",,,6,prestige,"sit, ?"
부산 금강공원,drainage,"35.222712,129.075126",,,1,drainage,"left, 6a+"
부산 금강공원,drainage,"35.222712,129.075126",,,2,drainage,"right, 6b+"
부산 금강공원,shreck,"35.222712,129.075126",,,1,shreck slab,4
부산 금강공원,shreck,"35.222712,129.075126",,,2,shreck,7a+
부산 금강공원,sorimsa,"35.222712,129.075126",,,1,소림사,5
부산 금강공원,태권v,"35.222712,129.075126",,,1,태권v,6a+
부산 금강공원,nut's rage,"35.222712,129.075126",,,1,nut's rage,7a+
부산 금강공원,half house,"35.222712,129.075126",,,1,half house,6b+
부산 금강공원,김치볼더,"35.222712,129.075126",,,1,jumping slope,6a
부산 금강공원,김치볼더,"35.222712,129.075126",,,2,kimchi,6c+
부산 금강공원,강강술래,"35.222712,129.075126",,,1,강강술래,3
부산 금강공원,강강술래,"35.222712,129.075126",,,2,feet fighter,6a+
부산 금강공원,swell fish,"35.222712,129.075126",,,1,swellrish,5
부산 금강공원,swell fish,"35.222712,129.075126",,,2,swellrish,"sit, ?"
부산 금강공원,blind eye,"35.222712,129.075126",,,1,blind eye crack,4
부산 금강공원,blind eye,"35.222712,129.075126",,,2,black cat,4+
부산 금강공원,blind eye,"35.222712,129.075126",,,3,black cat- R,4+
부산 금강공원,blind eye,"35.222712,129.075126",,,4,blind eye strait,5+
부산 금강공원,blind eye,"35.222712,129.075126",,,5,blind eye cjump,6a+
부산 금강공원,blind eye,"35.222712,129.075126",,,6,blind eye left,7a
부산 금강공원,blind eye,"35.222712,129.075126",,,7,blind eye right sit,7a
부산 금강공원,cement,"35.222712,129.075126",,,1,cement1,4
부산 금강공원,cement,"35.222712,129.075126",,,2,cement,6a
부산 금강공원,cement,"35.222712,129.075126",,,3,cement left,6b+
부산 금강공원,cement,"35.222712,129.075126",,,4,cement traverse,6c+
부산 금강공원,동현 볼더,"35.222712,129.075126",,,1,dh,6a+
부산 금강공원,동현 볼더,"35.222712,129.075126",,,2,dh,"traverse, 6b+"
부산 금강공원,동현 볼더,"35.222712,129.075126",,,3,potato,6c+
부산 금강공원,easy peasy ,"35.222712,129.075126",,,1,easy peasy,5
부산 금강공원,easy peasy ,"35.222712,129.075126",,,2,greedy pig,6a
부산 금강공원,toilet yoga,"35.222712,129.075126",,,1,toilet yoga,7a+
부산 금강공원,dal oh,"35.222712,129.075126",,,1,warm up lip traverse,4
부산 금강공원,dal oh,"35.222712,129.075126",,,2,warm up face,4
부산 금강공원,dal oh,"35.222712,129.075126",,,3,mansplain,6b+
부산 남문,gate-post,"35.229776,129.056897",,,1,unknown,3
부산 남문,gate-post,"35.229776,129.056897",,,2,sucond command post(2망루)slab,3+
부산 남문,gate-post,"35.229776,129.056897",,,3,second command post(2망루)crack,6a
부산 남문,gate-post,"35.229776,129.056897",,,4,l world,6a+
부산 남문,thanks giving,"35.229776,129.056897",,,1,꼬깔 left,3
부산 남문,thanks giving,"35.229776,129.056897",,,2,꼬깔 right,3
부산 남문,thanks giving,"35.229776,129.056897",,,3,electric egg-left sit,5
부산 남문,thanks giving,"35.229776,129.056897",,,4,thanks giving,5
부산 남문,thanks giving,"35.229776,129.056897",,,5,마징가 왼팔,5
부산 남문,thanks giving,"35.229776,129.056897",,,6,꼬깔,6a
부산 남문,thanks giving,"35.229776,129.056897",,,7,electric egg-center,6a
부산 남문,thanks giving,"35.229776,129.056897",,,8,stingray,6a+
부산 남문,thanks giving,"35.229776,129.056897",,,9,thanks givig -right,6b
부산 남문,thanks giving,"35.229776,129.056897",,,10,마징가 오른팔,6b
부산 남문,thanks giving,"35.229776,129.056897",,,11,unknown,?
부산 남문,thanks giving,"35.229776,129.056897",,,12,iron mask,?
부산 남문,thanks giving,"35.229776,129.056897",,,13,puzzle game,?
부산 남문,thanks giving,"35.229776,129.056897",,,14,unknown,?
부산 남문,thanks giving,"35.229776,129.056897",,,15,unknown,?
부산 남문,thanks giving,"35.229776,129.056897",,,16,unknown,?
부산 남문,thanks giving,"35.229776,129.056897",,,17,project,?
부산 남문,thanks giving,"35.229776,129.056897",,,18,electric egg-right,?
부산 남문,thanks giving,"35.229776,129.056897",,,19,unknown,?
부산 남문,thanks giving,"35.229776,129.056897",,,20,unknown,?
부산 남문,thanks giving,"35.229776,129.056897",,,21,unknown,?
부산 남문,thanks giving,"35.229776,129.056897",,,22,unknown,?
부산 남문,thanks giving,"35.229776,129.056897",,,23,puppy traverse,?
부산 남문,thanks giving,"35.229776,129.056897",,,24,unknown,?
부산 남문,thanks giving,"35.229776,129.056897",,,25,unknown,?
부산 남문,thanks giving,"35.229776,129.056897",,,26,unknown,?
부산 남문,thanks giving,"35.229776,129.056897",,,27,unknown,?
부산 케이블카,gully,"35.224237,129.063306",,,1,cherry blossom,6a
부산 케이블카,gully,"35.224237,129.063306",,,2,stardust,6a+
부산 케이블카,gully,"35.224237,129.063306",,,3,아미타불,6b
부산 케이블카,gully,"35.224237,129.063306",,,4,ufo,7a+
부산 케이블카,gully,"35.224237,129.063306",,,5,no name,?
부산 옥불사,오리 날다,"35.217269,129.059583",,,1,오리 날다,4
부산 옥불사,오리 날다,"35.217269,129.059583",,,2,오리의 꿈,5
부산 옥불사,honey,"35.217269,129.059583",,,1,honey,"direct, 4"
부산 옥불사,honey,"35.217269,129.059583",,,2,honey,7a+
부산 옥불사,g sharp,"35.217269,129.059583",,,1,g sharp,6b+
부산 옥불사,pigeon toe,"35.217269,129.059583",,,1,pigeon toe,6a+
부산 옥불사,dr.hocking,"35.217269,129.059583",,,1,dr.hocking,7b+
부산 옥불사,삼각김밥,"35.217269,129.059583",,,1,mini 삼각김밥,4
부산 옥불사,mr.kim,"35.217269,129.059583",,,1,mr.son,"right, 6a"
부산 옥불사,mr.kim,"35.217269,129.059583",,,2,mr.son,6a+
부산 옥불사,mr.kim,"35.217269,129.059583",,,3,junior traverse,6a+
부산 옥불사,mr.kim,"35.217269,129.059583",,,4,mr.kim,7b
부산 옥불사,san felipe,"35.217269,129.059583",,,1,san felipe,6a
부산 옥불사,san felipe,"35.217269,129.059583",,,2,bipolar disorder,"sit, 6a+"
부산 옥불사,trauma,"35.217269,129.059583",,,1,depressive disorder,"sit, 6a"
부산 옥불사,trauma,"35.217269,129.059583",,,2,trauma,"sit, 6b"
부산 옥불사,trauma,"35.217269,129.059583",,,3,cock comb,?
부산 옥불사,worm hole,"35.217269,129.059583",,,1,wormhole,"left, 6a"
부산 옥불사,worm hole,"35.217269,129.059583",,,2,wormhole,"right, 6a"
부산 옥불사,lame duck,"35.217269,129.059583",,,1,lame duck,6c
부산 옥불사,lame duck,"35.217269,129.059583",,,2,ombudsman,?
부산 옥불사,lonely wolf,"35.217269,129.059583",,,1,lonely wolf,"sit, 5"
부산 옥불사,petrichor,"35.217269,129.059583",,,1,petrichor,6b+
부산 옥불사,tortoise,"35.217269,129.059583",,,1,turtle baby,4
부산 옥불사,tortoise,"35.217269,129.059583",,,2,keumkang,5
부산 옥불사,tortoise,"35.217269,129.059583",,,3,turtle neck,6a
부산 옥불사,tortoise,"35.217269,129.059583",,,4,okbul,6a
부산 옥불사,tortoise,"35.217269,129.059583",,,5,tortoise,6a+
부산 옥불사,tortoise,"35.217269,129.059583",,,6,tortoise arete,6a+
부산 옥불사,ricotta,"35.217269,129.059583",,,1,ricotta,5
부산 옥불사,ricotta,"35.217269,129.059583",,,2,mascarpone,6a
부산 옥불사,emillie-half moon,"35.217269,129.059583",,,1,half moon,6a+
부산 옥불사,emillie-half moon,"35.217269,129.059583",,,2,emille,"sit, 7b+"
부산 옥불사,split espresso,"35.217269,129.059583",,,1,split xspresso,"sit, 6a+"
부산 옥불사,split espresso,"35.217269,129.059583",,,2,americano slab,?
부산 옥불사,crark boy,"35.217269,129.059583",,,1,crack boy,?
부산 옥불사,beautiful dihedral,"35.217269,129.059583",,,1,beautiful dihedral,?
부산 옥불사,cinnamon,"35.217269,129.059583",,,1,connamon traverse,"easy, 6a+"
부산 옥불사,cinnamon,"35.217269,129.059583",,,2,cinnamon traverse,6b+
부산 옥불사,kill me heal me,"35.217269,129.059583",,,1,kill me heal me,6c+
부산 옥불사,kill me heal me,"35.217269,129.059583",,,2,봄날은 온다,7a+
부산 옥불사,my way,"35.217269,129.059583",,,1,your way,3
부산 옥불사,my way,"35.217269,129.059583",,,2,my way,6a
부산 옥불사,배치기,"35.217269,129.059583",,,1,배치기,6b+
부산 옥불사,배치기,"35.217269,129.059583",,,2,little 1974,6c+
부산 옥불사,배치기,"35.217269,129.059583",,,3,triginomety,7a+
부산 옥불사,bump and grind,"35.217269,129.059583",,,1,bump & grind,?
부산 옥불사,시원한 슬랩,"35.217269,129.059583",,,1,시원한 슬랩,?
부산 옥불사,흑룡,"35.217269,129.059583",,,1,lemming dffect,6b+
부산 옥불사,흑룡,"35.217269,129.059583",,,2,lemming effect,6b+
부산 옥불사,흑룡,"35.217269,129.059583",,,3,삼신할매,"sit, 6b+"
부산 옥불사,흑룡,"35.217269,129.059583",,,4,black dragon(흑룡),7a+
부산 옥불사,fall out,"35.217269,129.059583",,,1,fall to fly,7b+
부산 옥불사,kshana,"35.217269,129.059583",,,1,kshana,6b+
부산 옥불사,acheron,"35.217269,129.059583",,,1,acheron,6v+
부산 옥불사,primavera,"35.217269,129.059583",,,1,la primavera,"direct, 3+"
부산 옥불사,primavera,"35.217269,129.059583",,,2,la primavera,"traverse, 6a"
부산 옥불사,primavera,"35.217269,129.059583",,,3,la primavera,"project, ?"
부산 옥불사,heaven's pond,"35.217269,129.059583",,,1,heaven's pond,6a+
부산 옥불사,marsala,"35.217269,129.059583",,,1,marsala,6c+
부산 옥불사,heaven's fish,"35.217269,129.059583",,,1,heaven's fish,6a+
부산 옥불사,ne craignez rien,"35.217269,129.059583",,,1,je suis charlie,5
부산 옥불사,ne craignez rien,"35.217269,129.059583",,,2,ne craignez rien,6b
부산 옥불사,magnolia,"35.217269,129.059583",,,1,maze of death,6a+
부산 옥불사,magnolia,"35.217269,129.059583",,,2,rampage,6b
부산 옥불사,magnolia,"35.217269,129.059583",,,3,time paradox,6b+
부산 옥불사,magnolia,"35.217269,129.059583",,,4,magnolia,7a+
부산 옥불사,변태,"35.217269,129.059583",,,1,변태,?
부산 옥불사,very berry,"35.217269,129.059583",,,1,very berry,3
부산 옥불사,teen spirit,"35.217269,129.059583",,,1,reen spirit,6a
부산 옥불사,black bird,"35.217269,129.059583",,,1,black bird,6a
부산 옥불사,decisive moment,"35.217269,129.059583",,,1,tweakie tweak,5
부산 옥불사,decisive moment,"35.217269,129.059583",,,2,decisive moment,6b+
부산 옥불사,pagoda,"35.217269,129.059583",,,1,pagoda3,4
부산 옥불사,pagoda,"35.217269,129.059583",,,2,pagoda1,5
부산 옥불사,pagoda,"35.217269,129.059583",,,3,pagoda2,?
부산 옥불사,jocker man,"35.217269,129.059583",,,1,jocker man,6a
부산 옥불사,jocker man,"35.217269,129.059583",,,2,born to climb,6b
부산 옥불사,macadamia,"35.217269,129.059583",,,1,macadamia,6a
부산 옥불사,tambourine man,"35.217269,129.059583",,,1,tambourine man,6b+
부산 옥불사,"gps35.129483,129.064588","35.217269,129.059583",,,1,unknown,?
부산 옥불사,sofa soft,"35.217269,129.059583",,,1,sofa soft,5
부산 옥불사,sofa soft,"35.217269,129.059583",,,2,sofa stiff,6a+
부산 옥불사,tiramisu,"35.217269,129.059583",,,1,tiramisu,7a+
부산 옥불사,김삿갓,"35.217269,129.059583",,,1,김삿갓,6a
부산 옥불사,계단길,"35.217269,129.059583",,,1,latheiere,3
부산 옥불사,계단길,"35.217269,129.059583",,,2,계단길,3
부산 옥불사,계단길,"35.217269,129.059583",,,3,tears in heaven,4
부산 옥불사,계단길,"35.217269,129.059583",,,4,personal sofa,6a
부산 옥불사,계단길,"35.217269,129.059583",,,5,personal sofa,"extention, 6a+"
부산 옥불사,grace and grit,"35.217269,129.059583",,,1,광장,5
부산 옥불사,grace and grit,"35.217269,129.059583",,,2,hogh slam dunk,gc+
부산 옥불사,grace and grit,"35.217269,129.059583",,,3,grace and grit,7b
부산 옥불사,grace and grit,"35.217269,129.059583",,,4,grace and grit,"sit, ?"
부산 옥불사,grace and grit,"35.217269,129.059583",,,5,slam dunk,?
부산 옥불사,vidmar,"35.217269,129.059583",,,1,wladmir,6b+
부산 옥불사,pheonix,"35.217269,129.059583",,,1,흔들바위,6a+
부산 옥불사,pheonix,"35.217269,129.059583",,,2,bishop mantling,7a+
부산 옥불사,pheonix,"35.217269,129.059583",,,3,pheonix from the ashes,7b+
부산 옥불사,x mas,"35.217269,129.059583",,,1,blue sheep,sit 5
부산 옥불사,x mas,"35.217269,129.059583",,,2,x-mas present,7a+
부산 옥불사,x mas,"35.217269,129.059583",,,3,x-mas present,"low, 7b"
부산 옥불사,last exit,"35.217269,129.059583",,,1,horizon,6a
부산 옥불사,last exit,"35.217269,129.059583",,,2,last exit,7a+
부산 옥불사,little karma,"35.217269,129.059583",,,1,star tac,6a
부산 옥불사,little karma,"35.217269,129.059583",,,2,star tac,6a
부산 옥불사,little karma,"35.217269,129.059583",,,3,little karma,?
부산 옥불사,war of attrition,"35.217269,129.059583",,,1,war of attrition,7b
부산 옥불사,tangled up,"35.217269,129.059583",,,1,tangled up in blue,6a+
부산 옥불사,pine to pine,"35.217269,129.059583",,,1,pine to pine,5
부산 옥불사,manorexia,"35.217269,129.059583",,,1,manorexia,4
부산 옥불사,manorexia,"35.217269,129.059583",,,2,manorexia,"right, 4+"
부산 옥불사,manorexia,"35.217269,129.059583",,,3,흙비,5
부산 옥불사,susan,"35.217269,129.059583",,,1,susan,"right, 5"
부산 옥불사,susan,"35.217269,129.059583",,,2,susan,6b
부산 옥불사,susan,"35.217269,129.059583",,,3,susan,"left, 6b+"
부산 옥불사,jason's arete,"35.217269,129.059583",,,1,jason's arete,6b
부산 옥불사,jason's arete,"35.217269,129.059583",,,2,pudolph's mantling,6b+
부산 옥불사,lay lady,"35.217269,129.059583",,,1,lay lady lay,5
부산 옥불사,lay lady,"35.217269,129.059583",,,2,jockerman slab,6a+
부산 seunghaksan,overview,"35.110255,128.971881",,,1,black ant easy,3
부산 seunghaksan,overview,"35.110255,128.971881",,,2,no name,"sit, 3"
부산 seunghaksan,overview,"35.110255,128.971881",,,3,unknown,3
부산 seunghaksan,overview,"35.110255,128.971881",,,4,white dragon,3+
부산 seunghaksan,overview,"35.110255,128.971881",,,5,fish lip,3+
부산 seunghaksan,overview,"35.110255,128.971881",,,6,betovin sympony,4
부산 seunghaksan,overview,"35.110255,128.971881",,,7,white wall,5
부산 seunghaksan,overview,"35.110255,128.971881",,,8,fish lip traverse right,5
부산 seunghaksan,overview,"35.110255,128.971881",,,9,fish lip traverse left,5
부산 seunghaksan,overview,"35.110255,128.971881",,,10,black ant,6a
부산 seunghaksan,overview,"35.110255,128.971881",,,11,maverick,6c+
부산 seunghaksan,overview,"35.110255,128.971881",,,12,thorn killer,6c+
부산 seunghaksan,overview,"35.110255,128.971881",,,13,whipersnapper,7a+
부산 seunghaksan,overview,"35.110255,128.971881",,,14,unknown,?
부산 seunghaksan,overview,"35.110255,128.971881",,,15,unknown,?
부산 seunghaksan,overview,"35.110255,128.971881",,,16,unknown,?
부산 seunghaksan,overview,"35.110255,128.971881",,,17,project,?
